"Station Name","MONTREAL/ST-HUBERT"
"Province","QUEBEC"
"Latitude","45.52"
"Longitude","-73.42"
"Elevation","27.40"
"Climate Identifier","7027329"
"WMO Identifier","71371"
"TC Identifier","YHU"
"All times are specified in Local Standard Time (LST). Add 1 hour to adjust for Daylight Saving Time where and when it is observed."

"Legend"
"E","Estimated"
"M","Missing"
"NA","Not Available"
"‡","Partner data that is not subject to review by the National Climate Archives"

"Date/Time","Year","Month","Day","Time","Data Quality","Temp (°C)","Temp Flag","Dew Point Temp (°C)","Dew Point Temp Flag","Rel Hum (%)","Rel Hum Flag","Wind Dir (10s deg)","Wind Dir Flag","Wind Spd (km/h)","Wind Spd Flag","Visibility (km)","Visibility Flag","Stn Press (kPa)","Stn Press Flag","Hmdx","Hmdx Flag","Wind Chill","Wind Chill Flag","Weather"
"2015-09-01 00:00","2015","09","01","00:00","‡","15.5","","15.5","","100","","1","","4","","2.8","","101.24","","","","","","Fog"
"2015-09-01 01:00","2015","09","01","01:00","‡","14.9","","","M","","M","","M","4","","0.8","","101.25","","","","","","Fog"
"2015-09-01 02:00","2015","09","01","02:00","‡","13.5","","13.5","","100","","36","","9","","16.1","","101.30","","","","","","NA"
"2015-09-01 03:00","2015","09","01","03:00","‡","13.7","","13.7","","100","","","","0","","16.1","","101.34","","","","","","NA"
"2015-09-01 04:00","2015","09","01","04:00","‡","12.8","","12.8","","100","","2","","8","","16.1","","101.38","","","","","","NA"
"2015-09-01 05:00","2015","09","01","05:00","‡","13.4","","13.4","","100","","","","0","","16.1","","101.40","","","","","","NA"
"2015-09-01 06:00","2015","09","01","06:00","‡","13.4","","13.4","","100","","","","0","","16.1","","101.47","","","","","","NA"
"2015-09-01 07:00","2015","09","01","07:00","‡","16.0","","15.5","","97","","","","0","","16.1","","101.51","","","","","","NA"
"2015-09-01 08:00","2015","09","01","08:00","‡","19.2","","14.2","","73","","10","","5","","16.1","","101.49","","","","","","NA"
"2015-09-01 09:00","2015","09","01","09:00","‡","21.3","","14.9","","66","","17","","9","","16.1","","101.49","","25","","","","NA"
"2015-09-01 10:00","2015","09","01","10:00","‡","22.7","","14.8","","61","","19","","8","","16.1","","101.48","","27","","","","NA"
"2015-09-01 11:00","2015","09","01","11:00","‡","23.6","","14.0","","54","","25","","5","","16.1","","101.41","","27","","","","NA"
"2015-09-01 12:00","2015","09","01","12:00","‡","25.1","","15.8","","56","","21","","8","","8.1","","101.36","","30","","","","Haze"
"2015-09-01 13:00","2015","09","01","13:00","‡","26.3","","17.0","","56","","19","","21","","16.1","","101.30","","32","","","","NA"
"2015-09-01 14:00","2015","09","01","14:00","‡","26.5","","16.8","","55","","21","","15","","16.1","","101.26","","32","","","","NA"
"2015-09-01 15:00","2015","09","01","15:00","‡","27.1","","17.5","","55","","24","","18","","16.1","","101.19","","33","","","","NA"
"2015-09-01 16:00","2015","09","01","16:00","‡","27.0","","17.9","","57","","24","","15","","16.1","","101.17","","33","","","","NA"
"2015-09-01 17:00","2015","09","01","17:00","‡","26.5","","18.4","","61","","24","","21","","16.1","","101.17","","33","","","","NA"
"2015-09-01 18:00","2015","09","01","18:00","‡","25.6","","18.1","","63","","22","","17","","16.1","","101.17","","32","","","","NA"
"2015-09-01 19:00","2015","09","01","19:00","‡","23.1","","19.3","","79","","17","","9","","2.4","","101.19","","30","","","","Haze"
"2015-09-01 20:00","2015","09","01","20:00","‡","22.3","","19.3","","83","","18","","11","","16.1","","101.20","","29","","","","NA"
"2015-09-01 21:00","2015","09","01","21:00","‡","22.2","","19.1","","82","","20","","13","","16.1","","101.18","","29","","","","NA"
"2015-09-01 22:00","2015","09","01","22:00","‡","22.5","","19.5","","83","","23","","17","","16.1","","101.16","","30","","","","NA"
"2015-09-01 23:00","2015","09","01","23:00","‡","21.7","","20.0","","90","","23","","13","","16.1","","101.19","","29","","","","NA"
"2015-09-02 00:00","2015","09","02","00:00","‡","21.5","","20.3","","93","","23","","15","","16.1","","101.19","","29","","","","NA"
"2015-09-02 01:00","2015","09","02","01:00","‡","21.2","","20.3","","94","","24","","15","","16.1","","101.19","","29","","","","NA"
"2015-09-02 02:00","2015","09","02","02:00","‡","21.1","","20.4","","96","","24","","21","","12.9","","101.17","","29","","","","NA"
"2015-09-02 03:00","2015","09","02","03:00","‡","20.6","","20.3","","98","","22","","11","","11.3","","101.14","","28","","","","NA"
"2015-09-02 04:00","2015","09","02","04:00","‡","20.2","","20.0","","99","","22","","9","","9.7","","101.15","","28","","","","Fog"
"2015-09-02 05:00","2015","09","02","05:00","‡","20.8","","20.5","","98","","23","","13","","9.7","","101.13","","29","","","","Fog"
"2015-09-02 06:00","2015","09","02","06:00","‡","20.8","","20.5","","98","","27","","18","","9.7","","101.16","","29","","","","Fog"
"2015-09-02 07:00","2015","09","02","07:00","‡","20.8","","20.6","","99","","25","","13","","8.1","","101.14","","29","","","","Fog"
"2015-09-02 08:00","2015","09","02","08:00","‡","20.7","","20.5","","99","","26","","15","","8.1","","101.14","","29","","","","Fog"
"2015-09-02 09:00","2015","09","02","09:00","‡","20.7","","20.4","","98","","23","","21","","9.7","","101.13","","29","","","","Fog"
"2015-09-02 10:00","2015","09","02","10:00","‡","21.4","","20.6","","95","","23","","22","","9.7","","101.14","","29","","","","Fog"
"2015-09-02 11:00","2015","09","02","11:00","‡","23.0","","19.7","","81","","25","","21","","11.3","","101.12","","30","","","","NA"
"2015-09-02 12:00","2015","09","02","12:00","‡","23.9","","19.9","","78","","23","","22","","14.5","","101.08","","31","","","","NA"
"2015-09-02 13:00","2015","09","02","13:00","‡","25.3","","20.2","","73","","23","","22","","16.1","","101.02","","33","","","","NA"
"2015-09-02 14:00","2015","09","02","14:00","‡","26.1","","20.3","","70","","23","","22","","16.1","","100.95","","34","","","","NA"
"2015-09-02 15:00","2015","09","02","15:00","‡","25.9","","20.0","","69","","22","","26","","16.1","","100.89","","33","","","","NA"
"2015-09-02 16:00","2015","09","02","16:00","‡","25.8","","20.2","","71","","24","","21","","16.1","","100.86","","34","","","","NA"
"2015-09-02 17:00","2015","09","02","17:00","‡","25.2","","20.3","","74","","24","","24","","16.1","","100.82","","33","","","","NA"
"2015-09-02 18:00","2015","09","02","18:00","‡","24.5","","20.3","","77","","26","","18","","16.1","","100.85","","32","","","","NA"
"2015-09-02 19:00","2015","09","02","19:00","‡","24.0","","20.4","","80","","24","","17","","16.1","","100.79","","32","","","","NA"
"2015-09-02 20:00","2015","09","02","20:00","‡","23.8","","20.4","","81","","26","","11","","16.1","","100.79","","32","","","","NA"
"2015-09-02 21:00","2015","09","02","21:00","‡","23.2","","20.4","","84","","25","","11","","16.1","","100.82","","31","","","","NA"
"2015-09-02 22:00","2015","09","02","22:00","‡","23.0","","20.4","","85","","25","","8","","16.1","","100.81","","31","","","","NA"
"2015-09-02 23:00","2015","09","02","23:00","‡","22.8","","21.0","","89","","25","","9","","16.1","","100.80","","31","","","","NA"
"2015-09-03 00:00","2015","09","03","00:00","‡","22.5","","22.0","","97","","25","","11","","11.3","","100.79","","32","","","","NA"
"2015-09-03 01:00","2015","09","03","01:00","‡","22.3","","22.0","","98","","25","","11","","8.1","","100.77","","32","","","","Fog"
"2015-09-03 02:00","2015","09","03","02:00","‡","21.9","","21.7","","99","","23","","11","","8.1","","100.75","","31","","","","Fog"
"2015-09-03 03:00","2015","09","03","03:00","‡","21.9","","21.9","","100","","25","","5","","6.4","","100.74","","31","","","","Fog"
"2015-09-03 04:00","2015","09","03","04:00","‡","21.5","","21.5","","100","","27","","5","","4.8","","100.74","","30","","","","Fog"
"2015-09-03 05:00","2015","09","03","05:00","‡","20.9","","20.9","","100","","30","","5","","6.4","","100.79","","29","","","","Fog"
"2015-09-03 06:00","2015","09","03","06:00","‡","20.9","","20.9","","100","","34","","9","","6.4","","100.88","","29","","","","Fog"
"2015-09-03 07:00","2015","09","03","07:00","‡","21.9","","20.9","","94","","36","","17","","14.5","","100.94","","30","","","","NA"
"2015-09-03 08:00","2015","09","03","08:00","‡","22.4","","18.3","","77","","3","","24","","16.1","","100.97","","29","","","","NA"
"2015-09-03 09:00","2015","09","03","09:00","‡","23.6","","17.6","","69","","3","","24","","16.1","","101.02","","29","","","","NA"
"2015-09-03 10:00","2015","09","03","10:00","‡","24.3","","16.0","","59","","5","","22","","16.1","","101.05","","29","","","","NA"
"2015-09-03 11:00","2015","09","03","11:00","‡","25.4","","15.4","","53","","7","","22","","16.1","","101.05","","30","","","","NA"
"2015-09-03 12:00","2015","09","03","12:00","‡","25.2","","16.2","","57","","6","","15","","16.1","","101.05","","30","","","","NA"
"2015-09-03 13:00","2015","09","03","13:00","‡","26.0","","17.2","","58","","5","","9","","16.1","","101.03","","31","","","","NA"
"2015-09-03 14:00","2015","09","03","14:00","‡","26.9","","16.6","","53","","1","","15","","16.1","","101.00","","32","","","","NA"
"2015-09-03 15:00","2015","09","03","15:00","‡","26.7","","15.9","","51","","4","","18","","16.1","","100.99","","31","","","","NA"
"2015-09-03 16:00","2015","09","03","16:00","‡","26.3","","15.4","","51","","5","","15","","16.1","","101.01","","31","","","","NA"
"2015-09-03 17:00","2015","09","03","17:00","‡","25.3","","10.9","","40","","7","","17","","16.1","","101.05","","27","","","","NA"
"2015-09-03 18:00","2015","09","03","18:00","‡","22.9","","10.3","","45","","6","","11","","16.1","","101.09","","","","","","NA"
"2015-09-03 19:00","2015","09","03","19:00","‡","18.1","","11.1","","63","","3","","9","","16.1","","101.14","","","","","","NA"
"2015-09-03 20:00","2015","09","03","20:00","‡","16.4","","11.4","","72","","2","","13","","16.1","","101.24","","","","","","NA"
"2015-09-03 21:00","2015","09","03","21:00","‡","16.5","","9.7","","64","","4","","13","","16.1","","101.28","","","","","","NA"
"2015-09-03 22:00","2015","09","03","22:00","‡","15.6","","10.0","","69","","2","","15","","16.1","","101.33","","","","","","NA"
"2015-09-03 23:00","2015","09","03","23:00","‡","13.6","","9.7","","77","","2","","11","","16.1","","101.40","","","","","","NA"
"2015-09-04 00:00","2015","09","04","00:00","‡","12.2","","9.2","","82","","1","","13","","16.1","","101.44","","","","","","NA"
"2015-09-04 01:00","2015","09","04","01:00","‡","13.4","","9.3","","76","","1","","17","","16.1","","101.49","","","","","","NA"
"2015-09-04 02:00","2015","09","04","02:00","‡","11.8","","9.2","","84","","6","","8","","16.1","","101.53","","","","","","NA"
"2015-09-04 03:00","2015","09","04","03:00","‡","10.7","","8.7","","87","","35","","9","","16.1","","101.56","","","","","","NA"
"2015-09-04 04:00","2015","09","04","04:00","‡","11.9","","9.8","","87","","6","","5","","16.1","","101.62","","","","","","NA"
"2015-09-04 05:00","2015","09","04","05:00","‡","11.0","","10.6","","97","","3","","11","","16.1","","101.64","","","","","","NA"
"2015-09-04 06:00","2015","09","04","06:00","‡","11.8","","11.4","","98","","3","","15","","16.1","","101.72","","","","","","NA"
"2015-09-04 07:00","2015","09","04","07:00","‡","14.1","","11.3","","83","","5","","11","","16.1","","101.81","","","","","","NA"
"2015-09-04 08:00","2015","09","04","08:00","‡","16.6","","12.2","","75","","4","","18","","16.1","","101.86","","","","","","NA"
"2015-09-04 09:00","2015","09","04","09:00","‡","18.6","","12.1","","66","","5","","21","","16.1","","101.93","","","","","","NA"
"2015-09-04 10:00","2015","09","04","10:00","‡","20.3","","12.7","","61","","5","","18","","16.1","","101.94","","","","","","NA"
"2015-09-04 11:00","2015","09","04","11:00","‡","22.2","","13.8","","58","","4","","18","","16.1","","101.95","","25","","","","NA"
"2015-09-04 12:00","2015","09","04","12:00","‡","23.6","","10.3","","43","","6","","17","","16.1","","101.92","","25","","","","NA"
"2015-09-04 13:00","2015","09","04","13:00","‡","24.7","","10.0","","39","","4","","15","","16.1","","101.89","","26","","","","NA"
"2015-09-04 14:00","2015","09","04","14:00","‡","25.1","","8.9","","35","","6","","11","","11.3","","101.87","","26","","","","NA"
"2015-09-04 15:00","2015","09","04","15:00","‡","25.3","","9.4","","36","","6","","15","","16.1","","101.85","","26","","","","NA"
"2015-09-04 16:00","2015","09","04","16:00","‡","24.6","","11.8","","44","","4","","13","","16.1","","101.87","","27","","","","NA"
"2015-09-04 17:00","2015","09","04","17:00","‡","23.3","","11.8","","48","","5","","11","","16.1","","101.93","","25","","","","NA"
"2015-09-04 18:00","2015","09","04","18:00","‡","20.2","","13.4","","65","","36","","13","","16.1","","101.96","","","","","","NA"
"2015-09-04 19:00","2015","09","04","19:00","‡","17.7","","12.9","","73","","2","","15","","16.1","","101.99","","","","","","NA"
"2015-09-04 20:00","2015","09","04","20:00","‡","15.9","","12.4","","79","","3","","9","","16.1","","102.03","","","","","","NA"
"2015-09-04 21:00","2015","09","04","21:00","‡","14.4","","11.7","","83","","3","","11","","16.1","","102.05","","","","","","NA"
"2015-09-04 22:00","2015","09","04","22:00","‡","13.9","","11.1","","83","","1","","4","","16.1","","102.00","","","","","","NA"
"2015-09-04 23:00","2015","09","04","23:00","‡","13.1","","10.8","","86","","1","","5","","16.1","","102.00","","","","","","NA"
"2015-09-05 00:00","2015","09","05","00:00","‡","14.5","","11.3","","81","","33","","8","","16.1","","102.00","","","","","","NA"
"2015-09-05 01:00","2015","09","05","01:00","‡","12.5","","10.3","","86","","36","","9","","16.1","","101.97","","","","","","NA"
"2015-09-05 02:00","2015","09","05","02:00","‡","12.3","","11.4","","94","","1","","8","","16.1","","101.99","","","","","","NA"
"2015-09-05 03:00","2015","09","05","03:00","‡","11.1","","10.5","","96","","1","","11","","16.1","","102.02","","","","","","NA"
"2015-09-05 04:00","2015","09","05","04:00","‡","12.2","","11.2","","94","","36","","9","","16.1","","102.07","","","","","","NA"
"2015-09-05 05:00","2015","09","05","05:00","‡","11.0","","10.9","","99","","8","","4","","16.1","","102.11","","","","","","NA"
"2015-09-05 06:00","2015","09","05","06:00","‡","10.7","","10.7","","100","","35","","5","","16.1","","102.15","","","","","","NA"
"2015-09-05 07:00","2015","09","05","07:00","‡","14.2","","12.8","","91","","7","","5","","16.1","","102.18","","","","","","NA"
"2015-09-05 08:00","2015","09","05","08:00","‡","16.7","","12.9","","78","","","M","4","","16.1","","102.13","","","","","","NA"
"2015-09-05 09:00","2015","09","05","09:00","‡","20.0","","15.0","","73","","20","","5","","16.1","","102.12","","","","","","NA"
"2015-09-05 10:00","2015","09","05","10:00","‡","22.5","","16.4","","68","","","M","4","","16.1","","102.10","","27","","","","NA"
"2015-09-05 11:00","2015","09","05","11:00","‡","24.0","","16.1","","61","","6","","5","","12.9","","102.08","","29","","","","NA"
"2015-09-05 12:00","2015","09","05","12:00","‡","24.9","","16.6","","60","","1","","5","","16.1","","102.02","","30","","","","NA"
"2015-09-05 13:00","2015","09","05","13:00","‡","26.1","","15.7","","52","","","M","4","","16.1","","101.97","","31","","","","NA"
"2015-09-05 14:00","2015","09","05","14:00","‡","27.2","","16.5","","52","","8","","5","","16.1","","101.90","","32","","","","NA"
"2015-09-05 15:00","2015","09","05","15:00","‡","27.8","","17.5","","53","","6","","9","","16.1","","101.84","","33","","","","NA"
"2015-09-05 16:00","2015","09","05","16:00","‡","27.8","","17.6","","53","","10","","9","","16.1","","101.80","","34","","","","NA"
"2015-09-05 17:00","2015","09","05","17:00","‡","26.8","","18.2","","59","","14","","13","","16.1","","101.75","","33","","","","NA"
"2015-09-05 18:00","2015","09","05","18:00","‡","25.7","","17.5","","60","","17","","13","","16.1","","101.73","","31","","","","NA"
"2015-09-05 19:00","2015","09","05","19:00","‡","24.0","","18.0","","69","","20","","13","","16.1","","101.74","","30","","","","NA"
"2015-09-05 20:00","2015","09","05","20:00","‡","23.0","","17.3","","70","","20","","11","","16.1","","101.75","","28","","","","NA"
"2015-09-05 21:00","2015","09","05","21:00","‡","21.5","","17.2","","76","","16","","5","","16.1","","101.75","","27","","","","NA"
"2015-09-05 22:00","2015","09","05","22:00","‡","18.9","","17.1","","89","","12","","4","","16.1","","101.75","","","","","","NA"
"2015-09-05 23:00","2015","09","05","23:00","‡","18.2","","18.0","","99","","10","","4","","16.1","","101.72","","","","","","NA"
"2015-09-06 00:00","2015","09","06","00:00","‡","17.7","","17.7","","100","","","","0","","12.9","","101.70","","","","","","NA"
"2015-09-06 01:00","2015","09","06","01:00","‡","17.7","","17.7","","100","","14","","5","","6.4","","101.70","","","","","","Fog"
"2015-09-06 02:00","2015","09","06","02:00","‡","17.2","","17.2","","100","","17","","5","","11.3","","101.69","","","","","","NA"
"2015-09-06 03:00","2015","09","06","03:00","‡","16.4","","16.4","","100","","14","","8","","8.1","","101.69","","","","","","Fog"
"2015-09-06 04:00","2015","09","06","04:00","‡","15.8","","15.8","","100","","14","","8","","8.1","","101.69","","","","","","Fog"
"2015-09-06 05:00","2015","09","06","05:00","‡","16.0","","16.0","","100","","12","","5","","9.7","","101.70","","","","","","Fog"
"2015-09-06 06:00","2015","09","06","06:00","‡","17.4","","17.4","","100","","17","","8","","16.1","","101.74","","","","","","NA"
"2015-09-06 07:00","2015","09","06","07:00","‡","19.0","","18.1","","95","","17","","5","","16.1","","101.78","","","","","","NA"
"2015-09-06 08:00","2015","09","06","08:00","‡","21.3","","18.1","","82","","19","","11","","16.1","","101.75","","27","","","","NA"
"2015-09-06 09:00","2015","09","06","09:00","‡","23.6","","18.9","","74","","16","","9","","16.1","","101.74","","30","","","","NA"
"2015-09-06 10:00","2015","09","06","10:00","‡","26.1","","19.0","","65","","19","","13","","16.1","","101.70","","33","","","","NA"
"2015-09-06 11:00","2015","09","06","11:00","‡","27.1","","19.7","","64","","19","","15","","16.1","","101.65","","34","","","","NA"
"2015-09-06 12:00","2015","09","06","12:00","‡","28.5","","20.5","","61","","19","","13","","9.7","","101.58","","36","","","","Haze"
"2015-09-06 13:00","2015","09","06","13:00","‡","29.4","","19.6","","55","","20","","15","","16.1","","101.51","","37","","","","NA"
"2015-09-06 14:00","2015","09","06","14:00","‡","29.5","","19.3","","54","","20","","13","","16.1","","101.44","","37","","","","NA"
"2015-09-06 15:00","2015","09","06","15:00","‡","29.8","","19.6","","54","","18","","17","","16.1","","101.37","","37","","","","NA"
"2015-09-06 16:00","2015","09","06","16:00","‡","29.4","","19.0","","53","","17","","21","","16.1","","101.33","","36","","","","NA"
"2015-09-06 17:00","2015","09","06","17:00","‡","28.7","","18.1","","52","","17","","17","","16.1","","101.26","","35","","","","NA"
"2015-09-06 18:00","2015","09","06","18:00","‡","27.4","","17.4","","54","","19","","15","","16.1","","101.23","","33","","","","NA"
"2015-09-06 19:00","2015","09","06","19:00","‡","26.4","","17.3","","57","","19","","15","","16.1","","101.21","","32","","","","NA"
"2015-09-06 20:00","2015","09","06","20:00","‡","25.1","","17.7","","63","","22","","11","","16.1","","101.20","","31","","","","NA"
"2015-09-06 21:00","2015","09","06","21:00","‡","25.1","","19.5","","71","","23","","15","","16.1","","101.18","","32","","","","NA"
"2015-09-06 22:00","2015","09","06","22:00","‡","23.9","","19.7","","77","","22","","11","","16.1","","101.17","","31","","","","NA"
"2015-09-06 23:00","2015","09","06","23:00","‡","24.2","","20.2","","78","","22","","15","","16.1","","101.13","","32","","","","NA"
"2015-09-07 00:00","2015","09","07","00:00","‡","23.3","","20.3","","83","","21","","17","","14.5","","101.10","","31","","","","NA"
"2015-09-07 01:00","2015","09","07","01:00","‡","23.2","","20.0","","82","","22","","13","","16.1","","101.07","","31","","","","NA"
"2015-09-07 02:00","2015","09","07","02:00","‡","22.9","","19.9","","83","","22","","13","","16.1","","101.05","","30","","","","NA"
"2015-09-07 03:00","2015","09","07","03:00","‡","22.8","","20.2","","85","","22","","15","","14.5","","101.03","","31","","","","NA"
"2015-09-07 04:00","2015","09","07","04:00","‡","21.0","","20.2","","95","","18","","13","","11.3","","101.03","","29","","","","NA"
"2015-09-07 05:00","2015","09","07","05:00","‡","20.8","","20.3","","97","","19","","15","","9.7","","100.98","","29","","","","Fog"
"2015-09-07 06:00","2015","09","07","06:00","‡","20.8","","19.8","","94","","18","","13","","14.5","","101.03","","28","","","","NA"
"2015-09-07 07:00","2015","09","07","07:00","‡","22.0","","19.3","","85","","20","","13","","16.1","","101.03","","29","","","","NA"
"2015-09-07 08:00","2015","09","07","08:00","‡","24.3","","20.1","","77","","23","","22","","16.1","","101.01","","32","","","","NA"
"2015-09-07 09:00","2015","09","07","09:00","‡","26.2","","20.7","","71","","24","","30","","16.1","","100.97","","34","","","","NA"
"2015-09-07 10:00","2015","09","07","10:00","‡","27.8","","21.0","","66","","24","","32","","16.1","","100.93","","36","","","","NA"
"2015-09-07 11:00","2015","09","07","11:00","‡","29.0","","20.7","","60","","25","","39","","16.1","","100.88","","37","","","","NA"
"2015-09-07 12:00","2015","09","07","12:00","‡","30.3","","21.4","","58","","25","","28","","16.1","","100.83","","39","","","","NA"
"2015-09-07 13:00","2015","09","07","13:00","‡","31.3","","21.2","","54","","23","","34","","16.1","","100.76","","40","","","","NA"
"2015-09-07 14:00","2015","09","07","14:00","‡","31.2","","20.7","","53","","24","","39","","16.1","","100.69","","39","","","","NA"
"2015-09-07 15:00","2015","09","07","15:00","‡","31.6","","20.7","","52","","23","","34","","16.1","","100.63","","40","","","","NA"
"2015-09-07 16:00","2015","09","07","16:00","‡","31.4","","20.2","","51","","24","","34","","16.1","","100.58","","39","","","","NA"
"2015-09-07 17:00","2015","09","07","17:00","‡","30.2","","19.8","","53","","23","","34","","16.1","","100.56","","38","","","","NA"
"2015-09-07 18:00","2015","09","07","18:00","‡","29.6","","19.5","","54","","23","","22","","16.1","","100.53","","37","","","","NA"
"2015-09-07 19:00","2015","09","07","19:00","‡","28.8","","19.1","","55","","22","","22","","16.1","","100.57","","36","","","","NA"
"2015-09-07 20:00","2015","09","07","20:00","‡","22.8","","22.1","","96","","32","","22","","9.7","","100.78","","32","","","","Thunderstorms,Heavy Rain,Fog"
"2015-09-07 21:00","2015","09","07","21:00","‡","22.6","","22.3","","98","","27","","17","","16.1","","100.81","","32","","","","Thunderstorms,Rain"
"2015-09-07 22:00","2015","09","07","22:00","‡","22.7","","22.7","","100","","23","","18","","16.1","","100.76","","33","","","","NA"
"2015-09-07 23:00","2015","09","07","23:00","‡","22.7","","22.7","","100","","24","","13","","14.5","","100.82","","33","","","","NA"
"2015-09-08 00:00","2015","09","08","00:00","‡","23.0","","22.8","","99","","27","","11","","16.1","","100.89","","33","","","","NA"
"2015-09-08 01:00","2015","09","08","01:00","‡","22.4","","22.4","","100","","26","","8","","16.1","","100.92","","32","","","","NA"
"2015-09-08 02:00","2015","09","08","02:00","‡","22.2","","22.2","","100","","27","","5","","14.5","","100.91","","32","","","","NA"
"2015-09-08 03:00","2015","09","08","03:00","‡","22.0","","22.0","","100","","30","","9","","16.1","","100.94","","31","","","","NA"
"2015-09-08 04:00","2015","09","08","04:00","‡","21.8","","21.8","","100","","30","","8","","16.1","","101.00","","31","","","","NA"
"2015-09-08 05:00","2015","09","08","05:00","‡","21.3","","21.3","","100","","29","","5","","16.1","","101.02","","30","","","","NA"
"2015-09-08 06:00","2015","09","08","06:00","‡","20.3","","","M","","M","","M","4","","6.4","","101.10","","","","","","Haze"
"2015-09-08 07:00","2015","09","08","07:00","‡","22.2","","22.2","","100","","34","","5","","16.1","","101.14","","32","","","","NA"
"2015-09-08 08:00","2015","09","08","08:00","‡","23.6","","20.1","","80","","36","","11","","16.1","","101.13","","31","","","","NA"
"2015-09-08 09:00","2015","09","08","09:00","‡","24.1","","20.3","","79","","5","","9","","16.1","","101.16","","32","","","","NA"
"2015-09-08 10:00","2015","09","08","10:00","‡","24.6","","20.0","","75","","","M","5","","16.1","","101.15","","32","","","","NA"
"2015-09-08 11:00","2015","09","08","11:00","‡","25.1","","20.1","","73","","","M","8","","16.1","","101.11","","33","","","","NA"
"2015-09-08 12:00","2015","09","08","12:00","‡","26.3","","18.9","","63","","","","0","","16.1","","101.04","","33","","","","NA"
"2015-09-08 13:00","2015","09","08","13:00","‡","27.0","","19.9","","65","","","M","4","","16.1","","100.99","","34","","","","NA"
"2015-09-08 14:00","2015","09","08","14:00","‡","27.7","","18.9","","58","","26","","9","","16.1","","100.96","","34","","","","NA"
"2015-09-08 15:00","2015","09","08","15:00","‡","27.8","","18.4","","56","","","M","5","","16.1","","100.92","","34","","","","NA"
"2015-09-08 16:00","2015","09","08","16:00","‡","27.9","","17.2","","52","","","M","4","","16.1","","100.87","","33","","","","NA"
"2015-09-08 17:00","2015","09","08","17:00","‡","26.4","","19.2","","64","","14","","11","","16.1","","100.85","","33","","","","NA"
"2015-09-08 18:00","2015","09","08","18:00","‡","24.8","","21.6","","82","","17","","15","","16.1","","100.87","","34","","","","NA"
"2015-09-08 19:00","2015","09","08","19:00","‡","23.8","","22.3","","91","","17","","11","","16.1","","100.87","","33","","","","NA"
"2015-09-08 20:00","2015","09","08","20:00","‡","23.3","","22.2","","93","","18","","9","","16.1","","100.88","","33","","","","NA"
"2015-09-08 21:00","2015","09","08","21:00","‡","23.1","","22.8","","98","","17","","9","","16.1","","100.84","","33","","","","NA"
"2015-09-08 22:00","2015","09","08","22:00","‡","22.6","","22.6","","100","","16","","11","","12.9","","100.74","","32","","","","NA"
"2015-09-08 23:00","2015","09","08","23:00","‡","22.3","","22.3","","100","","16","","9","","11.3","","100.70","","32","","","","NA"
"2015-09-09 00:00","2015","09","09","00:00","‡","22.5","","22.5","","100","","16","","15","","11.3","","100.62","","32","","","","NA"
"2015-09-09 01:00","2015","09","09","01:00","‡","22.8","","22.8","","100","","18","","21","","9.7","","100.58","","33","","","","Rain,Fog"
"2015-09-09 02:00","2015","09","09","02:00","‡","22.7","","22.5","","99","","18","","21","","12.9","","100.52","","32","","","","Rain"
"2015-09-09 03:00","2015","09","09","03:00","‡","22.0","","22.0","","100","","16","","8","","8.1","","100.44","","31","","","","Fog"
"2015-09-09 04:00","2015","09","09","04:00","‡","22.1","","22.1","","100","","17","","17","","9.7","","100.40","","32","","","","Fog"
"2015-09-09 05:00","2015","09","09","05:00","‡","22.1","","22.1","","100","","18","","17","","9.7","","100.38","","32","","","","Fog"
"2015-09-09 06:00","2015","09","09","06:00","‡","22.2","","21.7","","97","","19","","13","","14.5","","100.39","","31","","","","NA"
"2015-09-09 07:00","2015","09","09","07:00","‡","23.2","","20.3","","84","","19","","18","","16.1","","100.39","","31","","","","NA"
"2015-09-09 08:00","2015","09","09","08:00","‡","25.5","","21.0","","76","","20","","13","","16.1","","100.38","","34","","","","NA"
"2015-09-09 09:00","2015","09","09","09:00","‡","27.5","","20.4","","65","","23","","28","","16.1","","100.36","","35","","","","NA"
"2015-09-09 10:00","2015","09","09","10:00","‡","28.0","","20.8","","64","","24","","32","","16.1","","100.33","","36","","","","NA"
"2015-09-09 11:00","2015","09","09","11:00","‡","27.2","","20.0","","64","","24","","39","","16.1","","100.29","","35","","","","NA"
"2015-09-09 12:00","2015","09","09","12:00","‡","24.3","","22.2","","88","","24","","32","","14.5","","100.31","","34","","","","Rain"
"2015-09-09 13:00","2015","09","09","13:00","‡","25.7","","22.1","","80","","25","","26","","16.1","","100.25","","35","","","","NA"
"2015-09-09 14:00","2015","09","09","14:00","‡","25.1","","20.3","","74","","25","","21","","16.1","","100.28","","33","","","","Rain"
"2015-09-09 15:00","2015","09","09","15:00","‡","25.4","","19.1","","68","","27","","30","","16.1","","100.26","","32","","","","NA"
"2015-09-09 16:00","2015","09","09","16:00","‡","25.4","","18.8","","66","","27","","18","","16.1","","100.31","","32","","","","NA"
"2015-09-09 17:00","2015","09","09","17:00","‡","24.4","","18.9","","71","","27","","17","","16.1","","100.39","","31","","","","NA"
"2015-09-09 18:00","2015","09","09","18:00","‡","23.6","","16.5","","64","","28","","21","","16.1","","100.48","","29","","","","NA"
"2015-09-09 19:00","2015","09","09","19:00","‡","22.8","","15.8","","64","","28","","13","","16.1","","100.55","","27","","","","NA"
"2015-09-09 20:00","2015","09","09","20:00","‡","21.5","","15.4","","68","","29","","9","","16.1","","100.64","","26","","","","NA"
"2015-09-09 21:00","2015","09","09","21:00","‡","20.7","","15.5","","72","","26","","8","","16.1","","100.67","","25","","","","NA"
"2015-09-09 22:00","2015","09","09","22:00","‡","18.8","","16.1","","84","","23","","11","","16.1","","100.71","","","","","","NA"
"2015-09-09 23:00","2015","09","09","23:00","‡","20.2","","14.7","","70","","28","","13","","16.1","","100.77","","","","","","NA"
"2015-09-10 00:00","2015","09","10","00:00","‡","18.8","","14.6","","76","","30","","9","","16.1","","100.78","","","","","","NA"
"2015-09-10 01:00","2015","09","10","01:00","‡","18.3","","15.0","","81","","30","","11","","16.1","","100.80","","","","","","NA"
"2015-09-10 02:00","2015","09","10","02:00","‡","17.8","","15.1","","84","","31","","13","","16.1","","100.82","","","","","","NA"
"2015-09-10 03:00","2015","09","10","03:00","‡","16.8","","15.7","","93","","32","","8","","16.1","","100.86","","","","","","NA"
"2015-09-10 04:00","2015","09","10","04:00","‡","16.1","","16.0","","99","","35","","9","","16.1","","100.85","","","","","","NA"
"2015-09-10 05:00","2015","09","10","05:00","‡","15.8","","15.8","","100","","16","","4","","16.1","","100.92","","","","","","NA"
"2015-09-10 06:00","2015","09","10","06:00","‡","15.0","","15.0","","100","","13","","5","","16.1","","100.98","","","","","","NA"
"2015-09-10 07:00","2015","09","10","07:00","‡","17.3","","17.0","","98","","","","0","","16.1","","101.07","","","","","","NA"
"2015-09-10 08:00","2015","09","10","08:00","‡","18.2","","14.9","","81","","2","","5","","16.1","","101.08","","","","","","NA"
"2015-09-10 09:00","2015","09","10","09:00","‡","19.9","","14.2","","69","","2","","9","","16.1","","101.12","","","","","","NA"
"2015-09-10 10:00","2015","09","10","10:00","‡","21.0","","14.0","","64","","32","","5","","16.1","","101.14","","","","","","NA"
"2015-09-10 11:00","2015","09","10","11:00","‡","22.2","","13.5","","57","","3","","9","","16.1","","101.11","","25","","","","NA"
"2015-09-10 12:00","2015","09","10","12:00","‡","22.0","","12.6","","55","","","M","4","","16.1","","101.04","","25","","","","NA"
"2015-09-10 13:00","2015","09","10","13:00","‡","23.2","","13.4","","54","","","","0","","16.1","","101.00","","26","","","","NA"
"2015-09-10 14:00","2015","09","10","14:00","‡","23.0","","12.4","","51","","36","","8","","16.1","","100.95","","25","","","","NA"
"2015-09-10 15:00","2015","09","10","15:00","‡","23.1","","11.9","","49","","","M","4","","16.1","","100.91","","25","","","","NA"
"2015-09-10 16:00","2015","09","10","16:00","‡","21.9","","13.1","","57","","2","","9","","16.1","","100.88","","25","","","","NA"
"2015-09-10 17:00","2015","09","10","17:00","‡","21.8","","10.6","","49","","6","","8","","16.1","","100.89","","","","","","NA"
"2015-09-10 18:00","2015","09","10","18:00","‡","20.1","","13.0","","63","","5","","8","","16.1","","100.88","","","","","","NA"
"2015-09-10 19:00","2015","09","10","19:00","‡","18.5","","13.4","","72","","7","","4","","16.1","","100.88","","","","","","NA"
"2015-09-10 20:00","2015","09","10","20:00","‡","18.2","","12.9","","71","","3","","5","","16.1","","100.87","","","","","","NA"
"2015-09-10 21:00","2015","09","10","21:00","‡","16.5","","12.9","","79","","1","","4","","16.1","","100.84","","","","","","NA"
"2015-09-10 22:00","2015","09","10","22:00","‡","15.9","","12.4","","80","","1","","5","","16.1","","100.81","","","","","","NA"
"2015-09-10 23:00","2015","09","10","23:00","‡","15.9","","12.1","","78","","1","","8","","16.1","","100.82","","","","","","NA"
"2015-09-11 00:00","2015","09","11","00:00","‡","14.2","","11.8","","85","","1","","8","","16.1","","100.79","","","","","","NA"
"2015-09-11 01:00","2015","09","11","01:00","‡","14.8","","12.2","","84","","35","","8","","16.1","","100.76","","","","","","NA"
"2015-09-11 02:00","2015","09","11","02:00","‡","14.5","","12.9","","90","","36","","9","","16.1","","100.71","","","","","","NA"
"2015-09-11 03:00","2015","09","11","03:00","‡","14.8","","12.5","","86","","36","","13","","16.1","","100.67","","","","","","NA"
"2015-09-11 04:00","2015","09","11","04:00","‡","14.0","","12.8","","92","","1","","9","","16.1","","100.62","","","","","","NA"
"2015-09-11 05:00","2015","09","11","05:00","‡","14.3","","14.0","","98","","35","","13","","16.1","","100.62","","","","","","NA"
"2015-09-11 06:00","2015","09","11","06:00","‡","14.2","","14.2","","100","","36","","9","","16.1","","100.68","","","","","","NA"
"2015-09-11 07:00","2015","09","11","07:00","‡","15.1","","14.4","","96","","2","","11","","16.1","","100.74","","","","","","NA"
"2015-09-11 08:00","2015","09","11","08:00","‡","17.0","","14.7","","86","","3","","17","","16.1","","100.73","","","","","","NA"
"2015-09-11 09:00","2015","09","11","09:00","‡","19.3","","15.3","","77","","1","","13","","16.1","","100.73","","","","","","NA"
"2015-09-11 10:00","2015","09","11","10:00","‡","20.8","","14.8","","68","","4","","13","","16.1","","100.67","","25","","","","NA"
"2015-09-11 11:00","2015","09","11","11:00","‡","22.2","","13.4","","57","","4","","13","","16.1","","100.64","","25","","","","NA"
"2015-09-11 12:00","2015","09","11","12:00","‡","23.1","","12.8","","52","","35","","11","","16.1","","100.62","","26","","","","NA"
"2015-09-11 13:00","2015","09","11","13:00","‡","23.7","","12.6","","49","","9","","5","","16.1","","100.60","","26","","","","NA"
"2015-09-11 14:00","2015","09","11","14:00","‡","23.7","","12.2","","48","","","M","4","","16.1","","100.56","","26","","","","NA"
"2015-09-11 15:00","2015","09","11","15:00","‡","24.6","","11.5","","43","","34","","13","","16.1","","100.52","","27","","","","NA"
"2015-09-11 16:00","2015","09","11","16:00","‡","24.1","","11.8","","46","","32","","5","","16.1","","100.53","","26","","","","NA"
"2015-09-11 17:00","2015","09","11","17:00","‡","23.8","","13.9","","53","","5","","9","","16.1","","100.53","","27","","","","NA"
"2015-09-11 18:00","2015","09","11","18:00","‡","22.5","","11.6","","50","","","","0","","16.1","","100.53","","25","","","","NA"
"2015-09-11 19:00","2015","09","11","19:00","‡","20.5","","12.5","","60","","11","","4","","16.1","","100.57","","","","","","NA"
"2015-09-11 20:00","2015","09","11","20:00","‡","18.5","","13.2","","71","","","","0","","16.1","","100.62","","","","","","NA"
"2015-09-11 21:00","2015","09","11","21:00","‡","16.6","","13.5","","82","","11","","4","","16.1","","100.63","","","","","","NA"
"2015-09-11 22:00","2015","09","11","22:00","‡","17.5","","13.1","","75","","","","0","","16.1","","100.64","","","","","","NA"
"2015-09-11 23:00","2015","09","11","23:00","‡","15.6","","13.4","","87","","","","0","","16.1","","100.67","","","","","","NA"
"2015-09-12 00:00","2015","09","12","00:00","‡","17.9","","14.6","","81","","34","","11","","16.1","","100.66","","","","","","NA"
"2015-09-12 01:00","2015","09","12","01:00","‡","17.1","","14.6","","85","","34","","9","","16.1","","100.65","","","","","","NA"
"2015-09-12 02:00","2015","09","12","02:00","‡","16.2","","15.3","","94","","3","","13","","16.1","","100.62","","","","","","NA"
"2015-09-12 03:00","2015","09","12","03:00","‡","15.4","","15.4","","100","","36","","8","","16.1","","100.65","","","","","","NA"
"2015-09-12 04:00","2015","09","12","04:00","‡","15.5","","15.5","","100","","1","","9","","16.1","","100.67","","","","","","NA"
"2015-09-12 05:00","2015","09","12","05:00","‡","15.5","","15.5","","100","","1","","11","","16.1","","100.71","","","","","","NA"
"2015-09-12 06:00","2015","09","12","06:00","‡","15.2","","15.2","","100","","2","","8","","16.1","","100.75","","","","","","NA"
"2015-09-12 07:00","2015","09","12","07:00","‡","16.0","","16.0","","100","","4","","11","","16.1","","100.79","","","","","","NA"
"2015-09-12 08:00","2015","09","12","08:00","‡","16.4","","16.0","","98","","2","","13","","16.1","","100.80","","","","","","NA"
"2015-09-12 09:00","2015","09","12","09:00","‡","16.9","","15.7","","93","","2","","17","","16.1","","100.85","","","","","","NA"
"2015-09-12 10:00","2015","09","12","10:00","‡","16.9","","16.9","","100","","1","","13","","9.7","","100.88","","","","","","Rain,Fog"
"2015-09-12 11:00","2015","09","12","11:00","‡","16.8","","16.8","","100","","3","","17","","11.3","","100.88","","","","","","Rain"
"2015-09-12 12:00","2015","09","12","12:00","‡","17.4","","16.9","","97","","2","","21","","16.1","","100.82","","","","","","Rain"
"2015-09-12 13:00","2015","09","12","13:00","‡","17.6","","17.2","","98","","3","","17","","16.1","","100.82","","","","","","Rain"
"2015-09-12 14:00","2015","09","12","14:00","‡","17.4","","17.1","","98","","2","","18","","16.1","","100.76","","","","","","NA"
"2015-09-12 15:00","2015","09","12","15:00","‡","17.3","","17.1","","99","","3","","18","","16.1","","100.73","","","","","","NA"
"2015-09-12 16:00","2015","09","12","16:00","‡","17.0","","16.8","","99","","2","","17","","16.1","","100.69","","","","","","Rain"
"2015-09-12 17:00","2015","09","12","17:00","‡","16.8","","16.8","","100","","2","","15","","16.1","","100.67","","","","","","Rain"
"2015-09-12 18:00","2015","09","12","18:00","‡","16.3","","16.3","","100","","1","","15","","12.9","","100.65","","","","","","Rain"
"2015-09-12 19:00","2015","09","12","19:00","‡","15.9","","15.9","","100","","3","","21","","16.1","","100.63","","","","","","Rain"
"2015-09-12 20:00","2015","09","12","20:00","‡","15.7","","15.7","","100","","4","","18","","12.9","","100.64","","","","","","Rain"
"2015-09-12 21:00","2015","09","12","21:00","‡","15.5","","15.5","","100","","3","","17","","16.1","","100.61","","","","","","Rain"
"2015-09-12 22:00","2015","09","12","22:00","‡","15.3","","15.3","","100","","4","","18","","16.1","","100.57","","","","","","Rain"
"2015-09-12 23:00","2015","09","12","23:00","‡","15.1","","15.1","","100","","4","","21","","16.1","","100.53","","","","","","Rain"
"2015-09-13 00:00","2015","09","13","00:00","‡","15.0","","15.0","","100","","4","","18","","6.4","","100.50","","","","","","Heavy Rain,Fog"
"2015-09-13 01:00","2015","09","13","01:00","‡","14.9","","14.9","","100","","3","","24","","16.1","","100.41","","","","","","Rain"
"2015-09-13 02:00","2015","09","13","02:00","‡","15.1","","15.1","","100","","4","","18","","16.1","","100.38","","","","","","Rain"
"2015-09-13 03:00","2015","09","13","03:00","‡","15.3","","15.3","","100","","5","","15","","16.1","","100.36","","","","","","Rain"
"2015-09-13 04:00","2015","09","13","04:00","‡","15.4","","15.4","","100","","4","","13","","16.1","","100.31","","","","","","Rain"
"2015-09-13 05:00","2015","09","13","05:00","‡","15.5","","15.5","","100","","4","","9","","8.1","","100.30","","","","","","Rain,Fog"
"2015-09-13 06:00","2015","09","13","06:00","‡","15.8","","15.8","","100","","7","","9","","16.1","","100.32","","","","","","NA"
"2015-09-13 07:00","2015","09","13","07:00","‡","16.5","","16.5","","100","","7","","13","","16.1","","100.31","","","","","","NA"
"2015-09-13 08:00","2015","09","13","08:00","‡","16.6","","16.4","","99","","9","","13","","16.1","","100.32","","","","","","NA"
"2015-09-13 09:00","2015","09","13","09:00","‡","16.3","","16.1","","99","","11","","24","","14.5","","100.30","","","","","","Rain"
"2015-09-13 10:00","2015","09","13","10:00","‡","16.3","","16.3","","100","","10","","18","","6.4","","100.25","","","","","","Rain,Fog"
"2015-09-13 11:00","2015","09","13","11:00","‡","16.5","","16.5","","100","","9","","15","","9.7","","100.21","","","","","","Rain,Fog"
"2015-09-13 12:00","2015","09","13","12:00","‡","17.3","","17.2","","99","","11","","15","","16.1","","100.20","","","","","","NA"
"2015-09-13 13:00","2015","09","13","13:00","‡","19.5","","18.8","","96","","13","","15","","16.1","","100.17","","","","","","NA"
"2015-09-13 14:00","2015","09","13","14:00","‡","20.8","","16.1","","74","","16","","28","","16.1","","100.11","","25","","","","NA"
"2015-09-13 15:00","2015","09","13","15:00","‡","18.3","","18.0","","98","","26","","17","","14.5","","100.13","","","","","","Rain"
"2015-09-13 16:00","2015","09","13","16:00","‡","17.3","","17.3","","100","","20","","5","","16.1","","100.18","","","","","","Rain"
"2015-09-13 17:00","2015","09","13","17:00","‡","16.6","","16.6","","100","","","M","4","","4.8","","100.21","","","","","","Rain,Fog"
"2015-09-13 18:00","2015","09","13","18:00","‡","16.7","","16.7","","100","","9","","8","","16.1","","100.24","","","","","","NA"
"2015-09-13 19:00","2015","09","13","19:00","‡","16.7","","16.7","","100","","13","","13","","12.9","","100.28","","","","","","NA"
"2015-09-13 20:00","2015","09","13","20:00","‡","16.7","","16.7","","100","","28","","11","","16.1","","100.36","","","","","","NA"
"2015-09-13 21:00","2015","09","13","21:00","‡","16.2","","16.2","","100","","23","","8","","16.1","","100.37","","","","","","NA"
"2015-09-13 22:00","2015","09","13","22:00","‡","16.5","","16.0","","97","","26","","11","","16.1","","100.38","","","","","","NA"
"2015-09-13 23:00","2015","09","13","23:00","‡","15.8","","15.7","","99","","28","","8","","16.1","","100.33","","","","","","NA"
"2015-09-14 00:00","2015","09","14","00:00","‡","15.5","","15.2","","98","","29","","5","","16.1","","100.39","","","","","","NA"
"2015-09-14 01:00","2015","09","14","01:00","‡","15.3","","15.0","","98","","24","","5","","16.1","","100.37","","","","","","Rain"
"2015-09-14 02:00","2015","09","14","02:00","‡","14.8","","14.8","","100","","23","","5","","16.1","","100.31","","","","","","NA"
"2015-09-14 03:00","2015","09","14","03:00","‡","15.3","","15.0","","98","","29","","8","","16.1","","100.37","","","","","","NA"
"2015-09-14 04:00","2015","09","14","04:00","‡","15.1","","15.1","","100","","26","","11","","16.1","","100.38","","","","","","Rain"
"2015-09-14 05:00","2015","09","14","05:00","‡","14.7","","14.7","","100","","24","","13","","16.1","","100.40","","","","","","Rain"
"2015-09-14 06:00","2015","09","14","06:00","‡","14.8","","14.8","","100","","29","","9","","16.1","","100.44","","","","","","Rain"
"2015-09-14 07:00","2015","09","14","07:00","‡","14.8","","14.8","","100","","26","","15","","16.1","","100.50","","","","","","Rain"
"2015-09-14 08:00","2015","09","14","08:00","‡","14.8","","14.8","","100","","23","","11","","11.3","","100.55","","","","","","Moderate Rain"
"2015-09-14 09:00","2015","09","14","09:00","‡","15.0","","15.0","","100","","34","","5","","4.8","","100.57","","","","","","Moderate Rain,Fog"
"2015-09-14 10:00","2015","09","14","10:00","‡","16.4","","16.4","","100","","27","","15","","16.1","","100.61","","","","","","Rain"
"2015-09-14 11:00","2015","09","14","11:00","‡","16.9","","16.9","","100","","28","","18","","16.1","","100.68","","","","","","Rain"
"2015-09-14 12:00","2015","09","14","12:00","‡","17.6","","16.9","","95","","27","","17","","16.1","","100.71","","","","","","Rain"
"2015-09-14 13:00","2015","09","14","13:00","‡","19.1","","14.5","","74","","28","","24","","16.1","","100.73","","","","","","NA"
"2015-09-14 14:00","2015","09","14","14:00","‡","19.3","","14.1","","72","","29","","21","","16.1","","100.81","","","","","","NA"
"2015-09-14 15:00","2015","09","14","15:00","‡","19.7","","13.8","","68","","28","","21","","16.1","","100.87","","","","","","NA"
"2015-09-14 16:00","2015","09","14","16:00","‡","20.5","","13.5","","64","","29","","24","","16.1","","100.92","","","","","","NA"
"2015-09-14 17:00","2015","09","14","17:00","‡","20.1","","13.3","","64","","28","","26","","16.1","","101.00","","","","","","NA"
"2015-09-14 18:00","2015","09","14","18:00","‡","19.6","","13.2","","66","","29","","17","","16.1","","101.08","","","","","","NA"
"2015-09-14 19:00","2015","09","14","19:00","‡","17.9","","12.2","","69","","27","","13","","16.1","","101.17","","","","","","NA"
"2015-09-14 20:00","2015","09","14","20:00","‡","17.5","","11.7","","69","","25","","5","","16.1","","101.23","","","","","","NA"
"2015-09-14 21:00","2015","09","14","21:00","‡","16.8","","12.2","","74","","24","","8","","16.1","","101.28","","","","","","NA"
"2015-09-14 22:00","2015","09","14","22:00","‡","14.8","","12.5","","86","","24","","9","","16.1","","101.33","","","","","","NA"
"2015-09-14 23:00","2015","09","14","23:00","‡","16.6","","13.5","","82","","24","","21","","16.1","","101.39","","","","","","NA"
"2015-09-15 00:00","2015","09","15","00:00","‡","17.0","","13.8","","81","","24","","18","","16.1","","101.44","","","","","","NA"
"2015-09-15 01:00","2015","09","15","01:00","‡","17.0","","13.8","","81","","25","","21","","16.1","","101.50","","","","","","NA"
"2015-09-15 02:00","2015","09","15","02:00","‡","16.7","","13.4","","81","","25","","21","","16.1","","101.57","","","","","","NA"
"2015-09-15 03:00","2015","09","15","03:00","‡","15.9","","13.1","","83","","25","","13","","16.1","","101.63","","","","","","NA"
"2015-09-15 04:00","2015","09","15","04:00","‡","15.3","","12.8","","85","","23","","15","","16.1","","101.70","","","","","","NA"
"2015-09-15 05:00","2015","09","15","05:00","‡","15.4","","13.1","","86","","24","","21","","16.1","","101.79","","","","","","NA"
"2015-09-15 06:00","2015","09","15","06:00","‡","15.2","","13.8","","91","","23","","18","","16.1","","101.90","","","","","","NA"
"2015-09-15 07:00","2015","09","15","07:00","‡","16.6","","12.8","","78","","25","","24","","16.1","","101.95","","","","","","NA"
"2015-09-15 08:00","2015","09","15","08:00","‡","17.8","","12.9","","73","","26","","21","","16.1","","102.01","","","","","","NA"
"2015-09-15 09:00","2015","09","15","09:00","‡","19.5","","13.8","","69","","24","","22","","16.1","","102.02","","","","","","NA"
"2015-09-15 10:00","2015","09","15","10:00","‡","20.9","","14.6","","67","","23","","22","","16.1","","102.01","","25","","","","NA"
"2015-09-15 11:00","2015","09","15","11:00","‡","22.0","","14.5","","62","","23","","22","","16.1","","102.01","","26","","","","NA"
"2015-09-15 12:00","2015","09","15","12:00","‡","23.3","","15.5","","61","","23","","18","","16.1","","101.99","","28","","","","NA"
"2015-09-15 13:00","2015","09","15","13:00","‡","24.2","","15.3","","57","","23","","26","","16.1","","101.95","","28","","","","NA"
"2015-09-15 14:00","2015","09","15","14:00","‡","24.7","","15.7","","57","","25","","18","","16.1","","101.93","","29","","","","NA"
"2015-09-15 15:00","2015","09","15","15:00","‡","25.8","","15.5","","53","","27","","24","","16.1","","101.91","","30","","","","NA"
"2015-09-15 16:00","2015","09","15","16:00","‡","25.6","","15.7","","54","","25","","21","","16.1","","101.90","","30","","","","NA"
"2015-09-15 17:00","2015","09","15","17:00","‡","24.8","","15.6","","56","","25","","24","","16.1","","101.89","","29","","","","NA"
"2015-09-15 18:00","2015","09","15","18:00","‡","22.6","","16.2","","67","","23","","13","","16.1","","101.91","","27","","","","NA"
"2015-09-15 19:00","2015","09","15","19:00","‡","21.3","","16.3","","73","","23","","15","","16.1","","101.97","","26","","","","NA"
"2015-09-15 20:00","2015","09","15","20:00","‡","21.6","","16.4","","72","","25","","15","","16.1","","102.05","","26","","","","NA"
"2015-09-15 21:00","2015","09","15","21:00","‡","20.9","","16.5","","76","","24","","15","","16.1","","102.10","","26","","","","NA"
"2015-09-15 22:00","2015","09","15","22:00","‡","20.7","","15.8","","73","","25","","18","","16.1","","102.13","","25","","","","NA"
"2015-09-15 23:00","2015","09","15","23:00","‡","20.1","","14.8","","71","","25","","15","","16.1","","102.19","","","","","","NA"
"2015-09-16 00:00","2015","09","16","00:00","‡","18.4","","14.9","","80","","24","","11","","16.1","","102.20","","","","","","NA"
"2015-09-16 01:00","2015","09","16","01:00","‡","18.4","","14.7","","79","","24","","15","","16.1","","102.20","","","","","","NA"
"2015-09-16 02:00","2015","09","16","02:00","‡","17.6","","15.3","","86","","16","","8","","16.1","","102.18","","","","","","NA"
"2015-09-16 03:00","2015","09","16","03:00","‡","17.3","","15.6","","90","","22","","9","","16.1","","102.19","","","","","","NA"
"2015-09-16 04:00","2015","09","16","04:00","‡","15.3","","14.7","","96","","18","","8","","16.1","","102.20","","","","","","NA"
"2015-09-16 05:00","2015","09","16","05:00","‡","14.5","","14.0","","97","","18","","8","","16.1","","102.22","","","","","","NA"
"2015-09-16 06:00","2015","09","16","06:00","‡","14.7","","14.2","","97","","18","","8","","16.1","","102.24","","","","","","NA"
"2015-09-16 07:00","2015","09","16","07:00","‡","17.1","","14.8","","86","","17","","5","","16.1","","102.25","","","","","","NA"
"2015-09-16 08:00","2015","09","16","08:00","‡","20.2","","16.5","","79","","23","","13","","16.1","","102.25","","25","","","","NA"
"2015-09-16 09:00","2015","09","16","09:00","‡","21.6","","16.5","","72","","24","","21","","16.1","","102.25","","27","","","","NA"
"2015-09-16 10:00","2015","09","16","10:00","‡","23.1","","17.3","","69","","21","","15","","16.1","","102.21","","29","","","","NA"
"2015-09-16 11:00","2015","09","16","11:00","‡","24.1","","17.3","","65","","25","","22","","16.1","","102.18","","30","","","","NA"
"2015-09-16 12:00","2015","09","16","12:00","‡","25.7","","18.0","","62","","24","","18","","16.1","","102.13","","32","","","","NA"
"2015-09-16 13:00","2015","09","16","13:00","‡","27.0","","17.8","","57","","24","","18","","16.1","","102.05","","33","","","","NA"
"2015-09-16 14:00","2015","09","16","14:00","‡","27.5","","17.6","","54","","24","","22","","16.1","","101.98","","33","","","","NA"
"2015-09-16 15:00","2015","09","16","15:00","‡","27.6","","16.9","","52","","26","","22","","16.1","","101.90","","33","","","","NA"
"2015-09-16 16:00","2015","09","16","16:00","‡","27.3","","17.3","","54","","23","","18","","16.1","","101.88","","33","","","","NA"
"2015-09-16 17:00","2015","09","16","17:00","‡","26.5","","16.3","","53","","24","","22","","16.1","","101.82","","31","","","","NA"
"2015-09-16 18:00","2015","09","16","18:00","‡","24.6","","17.4","","64","","23","","15","","16.1","","101.81","","30","","","","NA"
"2015-09-16 19:00","2015","09","16","19:00","‡","23.3","","17.3","","69","","22","","9","","16.1","","101.82","","29","","","","NA"
"2015-09-16 20:00","2015","09","16","20:00","‡","22.6","","17.4","","72","","21","","11","","16.1","","101.82","","28","","","","NA"
"2015-09-16 21:00","2015","09","16","21:00","‡","21.2","","17.5","","79","","22","","11","","16.1","","101.82","","27","","","","NA"
"2015-09-16 22:00","2015","09","16","22:00","‡","20.5","","17.2","","81","","23","","11","","16.1","","101.82","","26","","","","NA"
"2015-09-16 23:00","2015","09","16","23:00","‡","20.1","","17.7","","86","","25","","13","","16.1","","101.82","","26","","","","NA"
"2015-09-17 00:00","2015","09","17","00:00","‡","19.2","","18.3","","95","","23","","11","","16.1","","101.81","","","","","","NA"
"2015-09-17 01:00","2015","09","17","01:00","‡","19.1","","18.3","","95","","24","","15","","16.1","","101.78","","","","","","NA"
"2015-09-17 02:00","2015","09","17","02:00","‡","19.2","","16.3","","83","","23","","17","","16.1","","101.70","","","","","","NA"
"2015-09-17 03:00","2015","09","17","03:00","‡","18.4","","15.0","","80","","22","","15","","16.1","","101.68","","","","","","NA"
"2015-09-17 04:00","2015","09","17","04:00","‡","16.8","","16.1","","96","","18","","9","","16.1","","101.68","","","","","","NA"
"2015-09-17 05:00","2015","09","17","05:00","‡","16.1","","15.7","","97","","20","","9","","16.1","","101.69","","","","","","NA"
"2015-09-17 06:00","2015","09","17","06:00","‡","16.0","","15.7","","98","","15","","8","","16.1","","101.70","","","","","","NA"
"2015-09-17 07:00","2015","09","17","07:00","‡","19.3","","15.7","","80","","24","","13","","16.1","","101.70","","","","","","NA"
"2015-09-17 08:00","2015","09","17","08:00","‡","21.2","","16.3","","73","","24","","18","","16.1","","101.67","","26","","","","NA"
"2015-09-17 09:00","2015","09","17","09:00","‡","22.2","","16.3","","69","","23","","21","","16.1","","101.64","","27","","","","NA"
"2015-09-17 10:00","2015","09","17","10:00","‡","23.6","","16.8","","65","","22","","18","","16.1","","101.58","","29","","","","NA"
"2015-09-17 11:00","2015","09","17","11:00","‡","25.0","","16.6","","59","","23","","17","","16.1","","101.53","","30","","","","NA"
"2015-09-17 12:00","2015","09","17","12:00","‡","25.9","","16.8","","57","","23","","22","","16.1","","101.45","","31","","","","NA"
"2015-09-17 13:00","2015","09","17","13:00","‡","26.8","","17.1","","55","","24","","26","","16.1","","101.38","","32","","","","NA"
"2015-09-17 14:00","2015","09","17","14:00","‡","27.2","","16.2","","50","","25","","28","","16.1","","101.32","","32","","","","NA"
"2015-09-17 15:00","2015","09","17","15:00","‡","27.5","","15.8","","48","","24","","26","","16.1","","101.27","","32","","","","NA"
"2015-09-17 16:00","2015","09","17","16:00","‡","26.2","","16.6","","55","","25","","21","","16.1","","101.25","","31","","","","NA"
"2015-09-17 17:00","2015","09","17","17:00","‡","25.9","","14.9","","50","","25","","22","","16.1","","101.23","","30","","","","NA"
"2015-09-17 18:00","2015","09","17","18:00","‡","25.5","","15.4","","53","","24","","18","","16.1","","101.24","","30","","","","NA"
"2015-09-17 19:00","2015","09","17","19:00","‡","24.9","","15.9","","57","","24","","18","","16.1","","101.26","","29","","","","NA"
"2015-09-17 20:00","2015","09","17","20:00","‡","23.1","","16.3","","65","","22","","11","","16.1","","101.24","","28","","","","NA"
"2015-09-17 21:00","2015","09","17","21:00","‡","22.1","","16.4","","70","","22","","17","","16.1","","101.20","","27","","","","NA"
"2015-09-17 22:00","2015","09","17","22:00","‡","21.5","","15.9","","70","","24","","15","","16.1","","101.19","","26","","","","NA"
"2015-09-17 23:00","2015","09","17","23:00","‡","20.4","","16.3","","77","","23","","13","","16.1","","101.17","","25","","","","NA"
"2015-09-18 00:00","2015","09","18","00:00","‡","19.4","","15.9","","80","","22","","11","","16.1","","101.18","","","","","","NA"
"2015-09-18 01:00","2015","09","18","01:00","‡","18.9","","16.0","","83","","20","","9","","16.1","","101.16","","","","","","NA"
"2015-09-18 02:00","2015","09","18","02:00","‡","17.6","","15.4","","87","","19","","9","","16.1","","101.15","","","","","","NA"
"2015-09-18 03:00","2015","09","18","03:00","‡","16.7","","15.6","","93","","18","","9","","16.1","","101.15","","","","","","NA"
"2015-09-18 04:00","2015","09","18","04:00","‡","15.6","","14.8","","95","","18","","9","","16.1","","101.15","","","","","","NA"
"2015-09-18 05:00","2015","09","18","05:00","‡","16.1","","15.2","","94","","18","","13","","16.1","","101.15","","","","","","NA"
"2015-09-18 06:00","2015","09","18","06:00","‡","15.8","","15.2","","96","","19","","9","","16.1","","101.20","","","","","","NA"
"2015-09-18 07:00","2015","09","18","07:00","‡","18.2","","15.3","","83","","21","","8","","16.1","","101.22","","","","","","NA"
"2015-09-18 08:00","2015","09","18","08:00","‡","20.3","","15.7","","74","","19","","9","","16.1","","101.21","","25","","","","NA"
"2015-09-18 09:00","2015","09","18","09:00","‡","22.8","","16.0","","65","","23","","13","","16.1","","101.20","","27","","","","NA"
"2015-09-18 10:00","2015","09","18","10:00","‡","23.9","","16.0","","61","","23","","13","","16.1","","101.14","","29","","","","NA"
"2015-09-18 11:00","2015","09","18","11:00","‡","25.5","","16.0","","55","","23","","18","","16.1","","101.10","","30","","","","NA"
"2015-09-18 12:00","2015","09","18","12:00","‡","26.8","","16.1","","51","","24","","13","","16.1","","101.04","","31","","","","NA"
"2015-09-18 13:00","2015","09","18","13:00","‡","27.1","","16.5","","52","","25","","18","","16.1","","100.99","","32","","","","NA"
"2015-09-18 14:00","2015","09","18","14:00","‡","27.7","","14.5","","44","","25","","17","","16.1","","100.91","","31","","","","NA"
"2015-09-18 15:00","2015","09","18","15:00","‡","27.8","","15.8","","47","","24","","18","","16.1","","100.84","","32","","","","NA"
"2015-09-18 16:00","2015","09","18","16:00","‡","26.9","","17.6","","56","","17","","17","","16.1","","100.80","","33","","","","NA"
"2015-09-18 17:00","2015","09","18","17:00","‡","25.7","","16.2","","55","","17","","17","","16.1","","100.83","","30","","","","NA"
"2015-09-18 18:00","2015","09","18","18:00","‡","24.2","","16.2","","61","","18","","13","","16.1","","100.84","","29","","","","NA"
"2015-09-18 19:00","2015","09","18","19:00","‡","23.1","","16.0","","64","","23","","8","","16.1","","100.87","","28","","","","NA"
"2015-09-18 20:00","2015","09","18","20:00","‡","22.5","","16.4","","68","","23","","9","","16.1","","100.91","","27","","","","NA"
"2015-09-18 21:00","2015","09","18","21:00","‡","21.5","","16.8","","74","","20","","5","","16.1","","100.91","","27","","","","NA"
"2015-09-18 22:00","2015","09","18","22:00","‡","19.9","","16.6","","81","","16","","4","","16.1","","100.90","","","","","","NA"
"2015-09-18 23:00","2015","09","18","23:00","‡","19.3","","16.4","","83","","18","","11","","16.1","","100.88","","","","","","NA"
"2015-09-19 00:00","2015","09","19","00:00","‡","18.5","","16.0","","85","","17","","9","","16.1","","100.88","","","","","","NA"
"2015-09-19 01:00","2015","09","19","01:00","‡","18.8","","15.9","","83","","18","","9","","16.1","","100.86","","","","","","NA"
"2015-09-19 02:00","2015","09","19","02:00","‡","18.4","","16.8","","90","","15","","5","","16.1","","100.79","","","","","","NA"
"2015-09-19 03:00","2015","09","19","03:00","‡","19.1","","17.4","","90","","16","","11","","16.1","","100.75","","","","","","NA"
"2015-09-19 04:00","2015","09","19","04:00","‡","19.4","","16.2","","82","","17","","9","","16.1","","100.73","","","","","","NA"
"2015-09-19 05:00","2015","09","19","05:00","‡","19.4","","16.1","","81","","17","","18","","16.1","","100.70","","","","","","NA"
"2015-09-19 06:00","2015","09","19","06:00","‡","19.3","","15.6","","79","","17","","18","","16.1","","100.71","","","","","","NA"
"2015-09-19 07:00","2015","09","19","07:00","‡","20.4","","16.0","","76","","17","","22","","16.1","","100.71","","25","","","","NA"
"2015-09-19 08:00","2015","09","19","08:00","‡","22.0","","16.9","","72","","17","","21","","16.1","","100.68","","27","","","","NA"
"2015-09-19 09:00","2015","09","19","09:00","‡","23.8","","16.7","","64","","16","","26","","16.1","","100.64","","29","","","","NA"
"2015-09-19 10:00","2015","09","19","10:00","‡","24.7","","16.4","","59","","17","","30","","16.1","","100.58","","30","","","","NA"
"2015-09-19 11:00","2015","09","19","11:00","‡","25.9","","16.0","","54","","17","","32","","16.1","","100.47","","31","","","","NA"
"2015-09-19 12:00","2015","09","19","12:00","‡","26.7","","16.6","","53","","17","","28","","16.1","","100.39","","32","","","","NA"
"2015-09-19 13:00","2015","09","19","13:00","‡","27.3","","16.7","","52","","17","","32","","16.1","","100.30","","32","","","","NA"
"2015-09-19 14:00","2015","09","19","14:00","‡","26.6","","16.5","","53","","18","","32","","16.1","","100.24","","32","","","","NA"
"2015-09-19 15:00","2015","09","19","15:00","‡","26.1","","15.8","","53","","17","","32","","16.1","","100.17","","31","","","","NA"
"2015-09-19 16:00","2015","09","19","16:00","‡","25.5","","16.2","","56","","21","","21","","16.1","","100.19","","30","","","","Rain"
"2015-09-19 17:00","2015","09","19","17:00","‡","24.0","","17.1","","65","","22","","15","","16.1","","100.15","","29","","","","Rain"
"2015-09-19 18:00","2015","09","19","18:00","‡","23.3","","17.1","","68","","18","","15","","16.1","","100.09","","29","","","","NA"
"2015-09-19 19:00","2015","09","19","19:00","‡","22.7","","17.9","","74","","19","","32","","16.1","","100.08","","29","","","","Rain"
"2015-09-19 20:00","2015","09","19","20:00","‡","20.7","","18.3","","86","","19","","17","","16.1","","100.09","","27","","","","Rain"
"2015-09-19 21:00","2015","09","19","21:00","‡","20.2","","19.6","","96","","21","","15","","16.1","","100.10","","27","","","","Rain"
"2015-09-19 22:00","2015","09","19","22:00","‡","20.4","","19.8","","96","","19","","17","","16.1","","100.12","","28","","","","Rain"
"2015-09-19 23:00","2015","09","19","23:00","‡","20.6","","19.1","","91","","25","","30","","16.1","","100.15","","27","","","","NA"
"2015-09-20 00:00","2015","09","20","00:00","‡","17.1","","13.8","","81","","29","","35","","16.1","","100.36","","","","","","Rain"
"2015-09-20 01:00","2015","09","20","01:00","‡","14.3","","9.9","","75","","28","","26","","16.1","","100.65","","","","","","NA"
"2015-09-20 02:00","2015","09","20","02:00","‡","13.7","","9.4","","75","","29","","22","","16.1","","100.77","","","","","","NA"
"2015-09-20 03:00","2015","09","20","03:00","‡","13.4","","8.7","","73","","29","","18","","16.1","","100.95","","","","","","NA"
"2015-09-20 04:00","2015","09","20","04:00","‡","12.8","","8.8","","77","","29","","15","","16.1","","101.10","","","","","","NA"
"2015-09-20 05:00","2015","09","20","05:00","‡","12.4","","7.5","","72","","30","","13","","16.1","","101.26","","","","","","NA"
"2015-09-20 06:00","2015","09","20","06:00","‡","12.6","","7.9","","73","","31","","9","","16.1","","101.38","","","","","","NA"
"2015-09-20 07:00","2015","09","20","07:00","‡","12.9","","7.8","","71","","32","","17","","16.1","","101.47","","","","","","NA"
"2015-09-20 08:00","2015","09","20","08:00","‡","12.3","","7.2","","71","","34","","15","","16.1","","101.59","","","","","","NA"
"2015-09-20 09:00","2015","09","20","09:00","‡","12.7","","6.7","","67","","34","","21","","16.1","","101.65","","","","","","NA"
"2015-09-20 10:00","2015","09","20","10:00","‡","13.7","","7.4","","65","","31","","13","","16.1","","101.68","","","","","","NA"
"2015-09-20 11:00","2015","09","20","11:00","‡","14.7","","5.4","","53","","29","","9","","16.1","","101.70","","","","","","NA"
"2015-09-20 12:00","2015","09","20","12:00","‡","15.8","","5.1","","49","","31","","13","","16.1","","101.72","","","","","","NA"
"2015-09-20 13:00","2015","09","20","13:00","‡","16.8","","5.7","","47","","24","","17","","16.1","","101.67","","","","","","NA"
"2015-09-20 14:00","2015","09","20","14:00","‡","17.6","","6.9","","49","","","M","15","","16.1","","101.67","","","","","","NA"
"2015-09-20 15:00","2015","09","20","15:00","‡","18.1","","5.5","","43","","28","","13","","16.1","","101.66","","","","","","NA"
"2015-09-20 16:00","2015","09","20","16:00","‡","18.0","","5.9","","45","","25","","11","","16.1","","101.66","","","","","","NA"
"2015-09-20 17:00","2015","09","20","17:00","‡","17.4","","7.2","","51","","25","","13","","16.1","","101.68","","","","","","NA"
"2015-09-20 18:00","2015","09","20","18:00","‡","15.4","","6.9","","56","","24","","9","","16.1","","101.70","","","","","","NA"
"2015-09-20 19:00","2015","09","20","19:00","‡","15.2","","6.6","","56","","27","","11","","16.1","","101.77","","","","","","NA"
"2015-09-20 20:00","2015","09","20","20:00","‡","15.0","","6.7","","57","","27","","9","","16.1","","101.83","","","","","","NA"
"2015-09-20 21:00","2015","09","20","21:00","‡","11.8","","7.7","","76","","","M","4","","16.1","","101.90","","","","","","NA"
"2015-09-20 22:00","2015","09","20","22:00","‡","9.2","","7.5","","89","","9","","5","","16.1","","101.93","","","","","","NA"
"2015-09-20 23:00","2015","09","20","23:00","‡","8.8","","7.7","","93","","","","0","","16.1","","101.96","","","","","","NA"
"2015-09-21 00:00","2015","09","21","00:00","‡","8.2","","7.6","","96","","36","","4","","16.1","","101.96","","","","","","NA"
"2015-09-21 01:00","2015","09","21","01:00","‡","7.7","","7.1","","96","","","M","4","","16.1","","101.99","","","","","","NA"
"2015-09-21 02:00","2015","09","21","02:00","‡","7.2","","7.2","","100","","","","0","","16.1","","101.99","","","","","","NA"
"2015-09-21 03:00","2015","09","21","03:00","‡","6.4","","6.4","","100","","7","","4","","16.1","","101.99","","","","","","NA"
"2015-09-21 04:00","2015","09","21","04:00","‡","7.0","","7.0","","100","","","","0","","16.1","","102.04","","","","","","NA"
"2015-09-21 05:00","2015","09","21","05:00","‡","5.0","","5.0","","100","","4","","4","","16.1","","102.12","","","","","","NA"
"2015-09-21 06:00","2015","09","21","06:00","‡","5.0","","5.0","","100","","","","0","","16.1","","102.18","","","","","","NA"
"2015-09-21 07:00","2015","09","21","07:00","‡","8.5","","8.5","","100","","","","0","","16.1","","102.25","","","","","","NA"
"2015-09-21 08:00","2015","09","21","08:00","‡","12.0","","9.1","","82","","","","0","","16.1","","102.30","","","","","","NA"
"2015-09-21 09:00","2015","09","21","09:00","‡","15.0","","9.7","","70","","6","","8","","16.1","","102.32","","","","","","NA"
"2015-09-21 10:00","2015","09","21","10:00","‡","16.9","","9.0","","59","","33","","5","","16.1","","102.29","","","","","","NA"
"2015-09-21 11:00","2015","09","21","11:00","‡","18.6","","8.1","","50","","","M","5","","16.1","","102.25","","","","","","NA"
"2015-09-21 12:00","2015","09","21","12:00","‡","19.3","","7.6","","46","","15","","11","","16.1","","102.25","","","","","","NA"
"2015-09-21 13:00","2015","09","21","13:00","‡","19.8","","8.1","","46","","6","","5","","16.1","","102.18","","","","","","NA"
"2015-09-21 14:00","2015","09","21","14:00","‡","20.6","","8.7","","46","","8","","13","","16.1","","102.14","","","","","","NA"
"2015-09-21 15:00","2015","09","21","15:00","‡","20.5","","7.2","","42","","2","","5","","16.1","","102.09","","","","","","NA"
"2015-09-21 16:00","2015","09","21","16:00","‡","19.3","","9.4","","52","","12","","9","","16.1","","102.11","","","","","","NA"
"2015-09-21 17:00","2015","09","21","17:00","‡","19.0","","10.7","","58","","13","","4","","16.1","","102.14","","","","","","NA"
"2015-09-21 18:00","2015","09","21","18:00","‡","17.3","","11.5","","69","","4","","4","","16.1","","102.14","","","","","","NA"
"2015-09-21 19:00","2015","09","21","19:00","‡","14.3","","10.7","","79","","3","","5","","16.1","","102.16","","","","","","NA"
"2015-09-21 20:00","2015","09","21","20:00","‡","13.1","","9.8","","80","","","","0","","16.1","","102.15","","","","","","NA"
"2015-09-21 21:00","2015","09","21","21:00","‡","14.2","","9.9","","75","","","","0","","16.1","","102.18","","","","","","NA"
"2015-09-21 22:00","2015","09","21","22:00","‡","13.9","","10.0","","77","","","M","4","","16.1","","102.21","","","","","","NA"
"2015-09-21 23:00","2015","09","21","23:00","‡","12.5","","9.5","","82","","9","","4","","16.1","","102.19","","","","","","NA"
"2015-09-22 00:00","2015","09","22","00:00","‡","11.5","","10.2","","92","","","","0","","16.1","","102.21","","","","","","NA"
"2015-09-22 01:00","2015","09","22","01:00","‡","11.4","","10.6","","95","","","M","4","","16.1","","102.20","","","","","","NA"
"2015-09-22 02:00","2015","09","22","02:00","‡","11.4","","11.0","","97","","12","","5","","16.1","","102.18","","","","","","NA"
"2015-09-22 03:00","2015","09","22","03:00","‡","11.4","","10.9","","97","","","","0","","16.1","","102.21","","","","","","NA"
"2015-09-22 04:00","2015","09","22","04:00","‡","11.6","","10.8","","95","","10","","4","","16.1","","102.22","","","","","","NA"
"2015-09-22 05:00","2015","09","22","05:00","‡","11.2","","10.4","","95","","","M","4","","16.1","","102.25","","","","","","NA"
"2015-09-22 06:00","2015","09","22","06:00","‡","10.9","","10.6","","98","","15","","8","","16.1","","102.31","","","","","","NA"
"2015-09-22 07:00","2015","09","22","07:00","‡","12.4","","11.6","","95","","17","","5","","16.1","","102.34","","","","","","NA"
"2015-09-22 08:00","2015","09","22","08:00","‡","14.7","","10.7","","77","","17","","13","","16.1","","102.36","","","","","","NA"
"2015-09-22 09:00","2015","09","22","09:00","‡","17.2","","9.5","","60","","","M","5","","16.1","","102.39","","","","","","NA"
"2015-09-22 10:00","2015","09","22","10:00","‡","19.2","","10.3","","56","","14","","9","","16.1","","102.37","","","","","","NA"
"2015-09-22 11:00","2015","09","22","11:00","‡","20.4","","8.5","","46","","","M","4","","16.1","","102.31","","","","","","NA"
"2015-09-22 12:00","2015","09","22","12:00","‡","21.2","","6.3","","38","","22","","9","","16.1","","102.26","","","","","","NA"
"2015-09-22 13:00","2015","09","22","13:00","‡","21.7","","6.8","","38","","","M","9","","8.1","","102.21","","","","","","Haze"
"2015-09-22 14:00","2015","09","22","14:00","‡","21.9","","9.5","","45","","18","","9","","11.3","","102.15","","","","","","NA"
"2015-09-22 15:00","2015","09","22","15:00","‡","21.9","","6.8","","37","","17","","9","","16.1","","102.11","","","","","","NA"
"2015-09-22 16:00","2015","09","22","16:00","‡","21.3","","6.7","","38","","18","","13","","16.1","","102.07","","","","","","NA"
"2015-09-22 17:00","2015","09","22","17:00","‡","20.0","","5.1","","37","","17","","15","","16.1","","102.08","","","","","","NA"
"2015-09-22 18:00","2015","09","22","18:00","‡","18.9","","5.6","","41","","19","","8","","16.1","","102.09","","","","","","NA"
"2015-09-22 19:00","2015","09","22","19:00","‡","16.7","","7.6","","55","","15","","8","","16.1","","102.07","","","","","","NA"
"2015-09-22 20:00","2015","09","22","20:00","‡","14.8","","8.6","","66","","14","","4","","16.1","","102.07","","","","","","NA"
"2015-09-22 21:00","2015","09","22","21:00","‡","12.4","","8.7","","78","","12","","5","","16.1","","102.07","","","","","","NA"
"2015-09-22 22:00","2015","09","22","22:00","‡","12.3","","8.6","","78","","14","","5","","16.1","","102.07","","","","","","NA"
"2015-09-22 23:00","2015","09","22","23:00","‡","12.2","","9.1","","81","","18","","4","","16.1","","102.07","","","","","","NA"
"2015-09-23 00:00","2015","09","23","00:00","‡","10.5","","8.6","","88","","","","0","","16.1","","102.08","","","","","","NA"
"2015-09-23 01:00","2015","09","23","01:00","‡","9.6","","9.2","","97","","16","","9","","16.1","","102.08","","","","","","NA"
"2015-09-23 02:00","2015","09","23","02:00","‡","9.7","","9.3","","97","","16","","4","","16.1","","102.07","","","","","","NA"
"2015-09-23 03:00","2015","09","23","03:00","‡","9.4","","9.0","","97","","16","","4","","16.1","","102.08","","","","","","NA"
"2015-09-23 04:00","2015","09","23","04:00","‡","8.9","","8.8","","99","","16","","5","","16.1","","102.10","","","","","","NA"
"2015-09-23 05:00","2015","09","23","05:00","‡","10.1","","9.3","","95","","17","","4","","16.1","","102.10","","","","","","NA"
"2015-09-23 06:00","2015","09","23","06:00","‡","10.4","","9.8","","96","","21","","5","","16.1","","102.13","","","","","","NA"
"2015-09-23 07:00","2015","09","23","07:00","‡","13.0","","11.6","","91","","17","","8","","16.1","","102.15","","","","","","NA"
"2015-09-23 08:00","2015","09","23","08:00","‡","16.3","","11.2","","71","","24","","18","","16.1","","102.15","","","","","","NA"
"2015-09-23 09:00","2015","09","23","09:00","‡","18.0","","12.3","","69","","21","","13","","16.1","","102.16","","","","","","NA"
"2015-09-23 10:00","2015","09","23","10:00","‡","19.3","","12.2","","63","","24","","17","","16.1","","102.16","","","","","","NA"
"2015-09-23 11:00","2015","09","23","11:00","‡","21.0","","13.5","","62","","24","","13","","16.1","","102.16","","","","","","NA"
"2015-09-23 12:00","2015","09","23","12:00","‡","22.1","","12.2","","53","","26","","13","","16.1","","102.12","","","","","","NA"
"2015-09-23 13:00","2015","09","23","13:00","‡","23.3","","12.6","","51","","25","","18","","16.1","","102.06","","26","","","","NA"
"2015-09-23 14:00","2015","09","23","14:00","‡","23.4","","10.9","","45","","25","","13","","16.1","","101.99","","25","","","","NA"
"2015-09-23 15:00","2015","09","23","15:00","‡","23.6","","9.7","","41","","28","","18","","16.1","","101.96","","25","","","","NA"
"2015-09-23 16:00","2015","09","23","16:00","‡","23.3","","11.3","","46","","26","","11","","16.1","","101.94","","25","","","","NA"
"2015-09-23 17:00","2015","09","23","17:00","‡","22.6","","11.2","","48","","27","","11","","16.1","","101.94","","","","","","NA"
"2015-09-23 18:00","2015","09","23","18:00","‡","21.0","","12.2","","57","","27","","11","","16.1","","101.96","","","","","","NA"
"2015-09-23 19:00","2015","09","23","19:00","‡","20.4","","12.7","","61","","27","","11","","16.1","","102.04","","","","","","NA"
"2015-09-23 20:00","2015","09","23","20:00","‡","19.6","","13.4","","67","","29","","9","","16.1","","102.05","","","","","","NA"
"2015-09-23 21:00","2015","09","23","21:00","‡","18.1","","13.7","","75","","31","","11","","16.1","","102.10","","","","","","NA"
"2015-09-23 22:00","2015","09","23","22:00","‡","16.2","","12.9","","81","","34","","11","","16.1","","102.12","","","","","","NA"
"2015-09-23 23:00","2015","09","23","23:00","‡","14.5","","12.1","","85","","2","","9","","16.1","","102.16","","","","","","NA"
"2015-09-24 00:00","2015","09","24","00:00","‡","13.2","","12.7","","97","","35","","9","","16.1","","102.20","","","","","","NA"
"2015-09-24 01:00","2015","09","24","01:00","‡","12.5","","12.1","","98","","1","","9","","16.1","","102.24","","","","","","NA"
"2015-09-24 02:00","2015","09","24","02:00","‡","11.8","","11.6","","99","","2","","8","","16.1","","102.28","","","","","","NA"
"2015-09-24 03:00","2015","09","24","03:00","‡","11.5","","10.7","","95","","2","","8","","16.1","","102.36","","","","","","NA"
"2015-09-24 04:00","2015","09","24","04:00","‡","11.3","","9.9","","91","","36","","17","","16.1","","102.41","","","","","","NA"
"2015-09-24 05:00","2015","09","24","05:00","‡","10.6","","8.7","","88","","1","","17","","16.1","","102.50","","","","","","NA"
"2015-09-24 06:00","2015","09","24","06:00","‡","10.2","","7.6","","84","","36","","15","","16.1","","102.60","","","","","","NA"
"2015-09-24 07:00","2015","09","24","07:00","‡","11.5","","7.7","","77","","1","","15","","16.1","","102.69","","","","","","NA"
"2015-09-24 08:00","2015","09","24","08:00","‡","13.4","","7.4","","67","","2","","22","","16.1","","102.77","","","","","","NA"
"2015-09-24 09:00","2015","09","24","09:00","‡","14.8","","7.0","","59","","3","","22","","16.1","","102.82","","","","","","NA"
"2015-09-24 10:00","2015","09","24","10:00","‡","16.2","","7.9","","58","","3","","21","","16.1","","102.83","","","","","","NA"
"2015-09-24 11:00","2015","09","24","11:00","‡","16.8","","5.9","","48","","4","","17","","16.1","","102.81","","","","","","NA"
"2015-09-24 12:00","2015","09","24","12:00","‡","17.6","","4.6","","42","","1","","17","","16.1","","102.79","","","","","","NA"
"2015-09-24 13:00","2015","09","24","13:00","‡","18.1","","4.1","","39","","2","","17","","16.1","","102.74","","","","","","NA"
"2015-09-24 14:00","2015","09","24","14:00","‡","18.4","","3.9","","38","","36","","17","","16.1","","102.70","","","","","","NA"
"2015-09-24 15:00","2015","09","24","15:00","‡","18.5","","2.6","","34","","4","","9","","16.1","","102.71","","","","","","NA"
"2015-09-24 16:00","2015","09","24","16:00","‡","18.3","","4.2","","39","","8","","11","","16.1","","102.69","","","","","","NA"
"2015-09-24 17:00","2015","09","24","17:00","‡","17.2","","3.7","","40","","6","","9","","16.1","","102.74","","","","","","NA"
"2015-09-24 18:00","2015","09","24","18:00","‡","14.6","","4.2","","49","","6","","11","","16.1","","102.73","","","","","","NA"
"2015-09-24 19:00","2015","09","24","19:00","‡","11.6","","4.6","","62","","6","","5","","16.1","","102.75","","","","","","NA"
"2015-09-24 20:00","2015","09","24","20:00","‡","11.2","","4.8","","64","","","","0","","16.1","","102.79","","","","","","NA"
"2015-09-24 21:00","2015","09","24","21:00","‡","11.0","","4.0","","62","","5","","9","","16.1","","102.79","","","","","","NA"
"2015-09-24 22:00","2015","09","24","22:00","‡","10.7","","4.3","","64","","2","","5","","16.1","","102.85","","","","","","NA"
"2015-09-24 23:00","2015","09","24","23:00","‡","9.9","","4.3","","68","","3","","4","","16.1","","102.85","","","","","","NA"
"2015-09-25 00:00","2015","09","25","00:00","‡","8.4","","3.7","","72","","1","","4","","16.1","","102.84","","","","","","NA"
"2015-09-25 01:00","2015","09","25","01:00","‡","8.1","","4.2","","76","","","","0","","16.1","","102.82","","","","","","NA"
"2015-09-25 02:00","2015","09","25","02:00","‡","6.2","","3.2","","81","","2","","9","","16.1","","102.81","","","","","","NA"
"2015-09-25 03:00","2015","09","25","03:00","‡","6.9","","4.2","","83","","1","","9","","16.1","","102.81","","","","","","NA"
"2015-09-25 04:00","2015","09","25","04:00","‡","7.3","","5.3","","87","","4","","11","","16.1","","102.80","","","","","","NA"
"2015-09-25 05:00","2015","09","25","05:00","‡","8.2","","5.6","","84","","2","","17","","16.1","","102.82","","","","","","NA"
"2015-09-25 06:00","2015","09","25","06:00","‡","8.2","","5.4","","82","","2","","15","","16.1","","102.87","","","","","","NA"
"2015-09-25 07:00","2015","09","25","07:00","‡","9.1","","5.6","","79","","2","","15","","16.1","","102.86","","","","","","NA"
"2015-09-25 08:00","2015","09","25","08:00","‡","10.0","","5.7","","74","","2","","11","","16.1","","102.90","","","","","","NA"
"2015-09-25 09:00","2015","09","25","09:00","‡","10.7","","6.2","","74","","2","","17","","16.1","","102.91","","","","","","NA"
"2015-09-25 10:00","2015","09","25","10:00","‡","11.1","","5.6","","69","","1","","18","","16.1","","102.94","","","","","","NA"
"2015-09-25 11:00","2015","09","25","11:00","‡","11.9","","6.2","","68","","1","","18","","16.1","","102.87","","","","","","NA"
"2015-09-25 12:00","2015","09","25","12:00","‡","11.5","","5.9","","68","","36","","8","","16.1","","102.85","","","","","","NA"
"2015-09-25 13:00","2015","09","25","13:00","‡","13.0","","5.5","","60","","2","","13","","16.1","","102.76","","","","","","NA"
"2015-09-25 14:00","2015","09","25","14:00","‡","13.9","","5.2","","56","","35","","5","","16.1","","102.73","","","","","","NA"
"2015-09-25 15:00","2015","09","25","15:00","‡","15.0","","5.0","","51","","3","","11","","16.1","","102.68","","","","","","NA"
"2015-09-25 16:00","2015","09","25","16:00","‡","14.8","","4.2","","49","","36","","15","","16.1","","102.66","","","","","","NA"
"2015-09-25 17:00","2015","09","25","17:00","‡","13.5","","5.3","","57","","4","","5","","16.1","","102.71","","","","","","NA"
"2015-09-25 18:00","2015","09","25","18:00","‡","12.7","","3.7","","54","","4","","4","","16.1","","102.71","","","","","","NA"
"2015-09-25 19:00","2015","09","25","19:00","‡","9.5","","5.3","","75","","","","0","","16.1","","102.76","","","","","","NA"
"2015-09-25 20:00","2015","09","25","20:00","‡","7.4","","5.1","","85","","5","","4","","16.1","","102.81","","","","","","NA"
"2015-09-25 21:00","2015","09","25","21:00","‡","7.1","","4.9","","86","","","","0","","16.1","","102.80","","","","","","NA"
"2015-09-25 22:00","2015","09","25","22:00","‡","6.0","","5.6","","97","","","","0","","16.1","","102.82","","","","","","NA"
"2015-09-25 23:00","2015","09","25","23:00","‡","6.0","","5.2","","95","","","","0","","16.1","","102.84","","","","","","NA"
"2015-09-26 00:00","2015","09","26","00:00","‡","5.2","","5.0","","99","","","","0","","16.1","","102.86","","","","","","NA"
"2015-09-26 01:00","2015","09","26","01:00","‡","4.0","","4.0","","100","","4","","5","","16.1","","102.88","","","","","","NA"
"2015-09-26 02:00","2015","09","26","02:00","‡","3.4","","3.4","","100","","2","","4","","16.1","","102.91","","","","","","NA"
"2015-09-26 03:00","2015","09","26","03:00","‡","5.2","","5.2","","100","","","M","4","","16.1","","102.93","","","","","","NA"
"2015-09-26 04:00","2015","09","26","04:00","‡","3.5","","3.5","","100","","1","","8","","16.1","","102.96","","","","","","NA"
"2015-09-26 05:00","2015","09","26","05:00","‡","3.5","","3.5","","100","","2","","13","","16.1","","103.01","","","","","","NA"
"2015-09-26 06:00","2015","09","26","06:00","‡","3.7","","3.7","","100","","36","","11","","16.1","","103.11","","","","","","NA"
"2015-09-26 07:00","2015","09","26","07:00","‡","5.9","","5.0","","94","","2","","17","","16.1","","103.16","","","","","","NA"
"2015-09-26 08:00","2015","09","26","08:00","‡","8.2","","4.8","","79","","4","","15","","16.1","","103.17","","","","","","NA"
"2015-09-26 09:00","2015","09","26","09:00","‡","10.4","","4.9","","69","","2","","15","","16.1","","103.18","","","","","","NA"
"2015-09-26 10:00","2015","09","26","10:00","‡","12.3","","4.6","","59","","1","","9","","16.1","","103.19","","","","","","NA"
"2015-09-26 11:00","2015","09","26","11:00","‡","14.1","","3.6","","49","","","M","5","","16.1","","103.17","","","","","","NA"
"2015-09-26 12:00","2015","09","26","12:00","‡","15.6","","2.1","","40","","","M","4","","16.1","","103.12","","","","","","NA"
"2015-09-26 13:00","2015","09","26","13:00","‡","16.1","","3.2","","42","","","","0","","16.1","","103.03","","","","","","NA"
"2015-09-26 14:00","2015","09","26","14:00","‡","16.8","","2.4","","38","","","","0","","16.1","","102.95","","","","","","NA"
"2015-09-26 15:00","2015","09","26","15:00","‡","17.1","","2.1","","36","","","","0","","16.1","","102.89","","","","","","NA"
"2015-09-26 16:00","2015","09","26","16:00","‡","16.9","","2.3","","37","","","M","4","","16.1","","102.84","","","","","","NA"
"2015-09-26 17:00","2015","09","26","17:00","‡","16.1","","4.9","","47","","6","","8","","16.1","","102.82","","","","","","NA"
"2015-09-26 18:00","2015","09","26","18:00","‡","12.9","","5.2","","59","","4","","5","","16.1","","102.80","","","","","","NA"
"2015-09-26 19:00","2015","09","26","19:00","‡","10.7","","6.1","","73","","5","","5","","16.1","","102.78","","","","","","NA"
"2015-09-26 20:00","2015","09","26","20:00","‡","8.5","","4.7","","77","","2","","4","","16.1","","102.76","","","","","","NA"
"2015-09-26 21:00","2015","09","26","21:00","‡","7.2","","4.6","","83","","2","","4","","16.1","","102.74","","","","","","NA"
"2015-09-26 22:00","2015","09","26","22:00","‡","7.2","","4.6","","83","","","","0","","16.1","","102.75","","","","","","NA"
"2015-09-26 23:00","2015","09","26","23:00","‡","6.0","","3.7","","85","","","","0","","16.1","","102.72","","","","","","NA"
"2015-09-27 00:00","2015","09","27","00:00","‡","5.2","","4.6","","96","","15","","4","","16.1","","102.70","","","","","","NA"
"2015-09-27 01:00","2015","09","27","01:00","‡","6.1","","5.2","","94","","13","","4","","16.1","","102.68","","","","","","NA"
"2015-09-27 02:00","2015","09","27","02:00","‡","4.8","","4.6","","99","","13","","4","","16.1","","102.63","","","","","","NA"
"2015-09-27 03:00","2015","09","27","03:00","‡","5.5","","5.5","","100","","17","","5","","16.1","","102.62","","","","","","NA"
"2015-09-27 04:00","2015","09","27","04:00","‡","5.6","","5.6","","100","","14","","4","","16.1","","102.59","","","","","","NA"
"2015-09-27 05:00","2015","09","27","05:00","‡","5.1","","5.1","","100","","15","","4","","16.1","","102.58","","","","","","NA"
"2015-09-27 06:00","2015","09","27","06:00","‡","5.8","","5.8","","100","","17","","4","","16.1","","102.61","","","","","","NA"
"2015-09-27 07:00","2015","09","27","07:00","‡","7.5","","7.1","","97","","","M","4","","16.1","","102.65","","","","","","NA"
"2015-09-27 08:00","2015","09","27","08:00","‡","12.1","","8.4","","78","","18","","11","","16.1","","102.65","","","","","","NA"
"2015-09-27 09:00","2015","09","27","09:00","‡","15.3","","10.2","","71","","19","","11","","16.1","","102.63","","","","","","NA"
"2015-09-27 10:00","2015","09","27","10:00","‡","18.1","","10.3","","60","","19","","15","","16.1","","102.57","","","","","","NA"
"2015-09-27 11:00","2015","09","27","11:00","‡","19.6","","11.3","","58","","22","","22","","16.1","","102.47","","","","","","NA"
"2015-09-27 12:00","2015","09","27","12:00","‡","20.8","","12.4","","58","","25","","21","","16.1","","102.37","","","","","","NA"
"2015-09-27 13:00","2015","09","27","13:00","‡","22.0","","12.7","","55","","23","","21","","16.1","","102.28","","25","","","","NA"
"2015-09-27 14:00","2015","09","27","14:00","‡","22.7","","13.1","","54","","18","","17","","16.1","","102.17","","26","","","","NA"
"2015-09-27 15:00","2015","09","27","15:00","‡","22.4","","12.7","","54","","19","","13","","16.1","","102.08","","25","","","","NA"
"2015-09-27 16:00","2015","09","27","16:00","‡","22.0","","11.3","","50","","16","","15","","16.1","","102.02","","","","","","NA"
"2015-09-27 17:00","2015","09","27","17:00","‡","20.5","","10.4","","52","","17","","17","","16.1","","101.99","","","","","","NA"
"2015-09-27 18:00","2015","09","27","18:00","‡","18.2","","11.1","","63","","17","","11","","16.1","","101.97","","","","","","NA"
"2015-09-27 19:00","2015","09","27","19:00","‡","17.0","","10.2","","64","","17","","13","","16.1","","101.95","","","","","","NA"
"2015-09-27 20:00","2015","09","27","20:00","‡","15.9","","9.2","","64","","18","","11","","16.1","","101.94","","","","","","NA"
"2015-09-27 21:00","2015","09","27","21:00","‡","14.6","","8.4","","66","","20","","9","","16.1","","101.92","","","","","","NA"
"2015-09-27 22:00","2015","09","27","22:00","‡","15.0","","8.8","","66","","19","","17","","16.1","","101.91","","","","","","NA"
"2015-09-27 23:00","2015","09","27","23:00","‡","14.7","","8.9","","68","","19","","13","","16.1","","101.92","","","","","","NA"
"2015-09-28 00:00","2015","09","28","00:00","‡","13.8","","9.7","","76","","19","","13","","16.1","","101.87","","","","","","NA"
"2015-09-28 01:00","2015","09","28","01:00","‡","14.3","","9.6","","73","","18","","18","","16.1","","101.83","","","","","","NA"
"2015-09-28 02:00","2015","09","28","02:00","‡","14.6","","9.3","","70","","19","","13","","16.1","","101.78","","","","","","NA"
"2015-09-28 03:00","2015","09","28","03:00","‡","14.9","","9.3","","69","","19","","11","","16.1","","101.74","","","","","","NA"
"2015-09-28 04:00","2015","09","28","04:00","‡","14.6","","8.9","","68","","18","","13","","16.1","","101.73","","","","","","NA"
"2015-09-28 05:00","2015","09","28","05:00","‡","15.0","","9.5","","70","","18","","11","","16.1","","101.73","","","","","","NA"
"2015-09-28 06:00","2015","09","28","06:00","‡","15.4","","10.0","","70","","18","","13","","16.1","","101.74","","","","","","NA"
"2015-09-28 07:00","2015","09","28","07:00","‡","15.8","","10.6","","71","","18","","18","","16.1","","101.73","","","","","","NA"
"2015-09-28 08:00","2015","09","28","08:00","‡","16.6","","12.3","","75","","18","","22","","16.1","","101.72","","","","","","NA"
"2015-09-28 09:00","2015","09","28","09:00","‡","17.2","","12.9","","76","","18","","17","","16.1","","101.72","","","","","","NA"
"2015-09-28 10:00","2015","09","28","10:00","‡","18.2","","13.6","","74","","17","","18","","16.1","","101.68","","","","","","NA"
"2015-09-28 11:00","2015","09","28","11:00","‡","19.4","","14.4","","72","","18","","18","","16.1","","101.65","","","","","","NA"
"2015-09-28 12:00","2015","09","28","12:00","‡","21.6","","15.3","","67","","19","","21","","16.1","","101.59","","26","","","","NA"
"2015-09-28 13:00","2015","09","28","13:00","‡","21.3","","15.2","","68","","20","","17","","16.1","","101.55","","25","","","","NA"
"2015-09-28 14:00","2015","09","28","14:00","‡","20.6","","16.7","","78","","22","","13","","11.3","","101.51","","26","","","","NA"
"2015-09-28 15:00","2015","09","28","15:00","‡","21.0","","16.6","","76","","24","","11","","16.1","","101.45","","26","","","","NA"
"2015-09-28 16:00","2015","09","28","16:00"
"2015-09-28 17:00","2015","09","28","17:00","‡","20.4","","16.4","","78","","18","","15","","16.1","","101.35","","25","","","","NA"
"2015-09-28 18:00","2015","09","28","18:00","‡","19.9","","16.2","","79","","19","","11","","16.1","","101.32","","","","","","NA"
"2015-09-28 19:00","2015","09","28","19:00","‡","19.6","","16.2","","80","","20","","9","","16.1","","101.32","","","","","","NA"
"2015-09-28 20:00","2015","09","28","20:00","‡","19.8","","15.9","","78","","19","","21","","16.1","","101.30","","","","","","NA"
"2015-09-28 21:00","2015","09","28","21:00","‡","19.9","","16.0","","78","","19","","15","","16.1","","101.29","","","","","","NA"
"2015-09-28 22:00","2015","09","28","22:00","‡","19.9","","16.2","","79","","19","","15","","16.1","","101.28","","","","","","NA"
"2015-09-28 23:00","2015","09","28","23:00","‡","19.7","","16.2","","80","","19","","15","","16.1","","101.24","","","","","","NA"
"2015-09-29 00:00","2015","09","29","00:00","‡","18.2","","18.2","","100","","19","","22","","9.7","","101.22","","","","","","Rain,Fog"
"2015-09-29 01:00","2015","09","29","01:00","‡","18.0","","18.0","","100","","19","","15","","16.1","","101.20","","","","","","NA"
"2015-09-29 02:00","2015","09","29","02:00","‡","18.1","","18.1","","100","","19","","13","","16.1","","101.13","","","","","","NA"
"2015-09-29 03:00","2015","09","29","03:00","‡","18.2","","18.2","","100","","18","","9","","16.1","","101.11","","","","","","Rain"
"2015-09-29 04:00","2015","09","29","04:00","‡","18.3","","18.3","","100","","19","","9","","16.1","","101.09","","","","","","NA"
"2015-09-29 05:00","2015","09","29","05:00","‡","18.7","","18.7","","100","","19","","9","","16.1","","101.10","","","","","","NA"
"2015-09-29 06:00","2015","09","29","06:00","‡","18.8","","18.8","","100","","19","","9","","16.1","","101.12","","","","","","NA"
"2015-09-29 07:00","2015","09","29","07:00","‡","19.0","","19.0","","100","","19","","13","","16.1","","101.11","","","","","","NA"
"2015-09-29 08:00","2015","09","29","08:00","‡","19.7","","19.4","","98","","18","","13","","16.1","","101.12","","","","","","NA"
"2015-09-29 09:00","2015","09","29","09:00","‡","20.1","","19.6","","97","","18","","13","","16.1","","101.12","","27","","","","NA"
"2015-09-29 10:00","2015","09","29","10:00","‡","21.0","","20.0","","94","","22","","8","","16.1","","101.10","","29","","","","NA"
"2015-09-29 11:00","2015","09","29","11:00","‡","21.9","","20.4","","91","","21","","11","","16.1","","101.05","","30","","","","NA"
"2015-09-29 12:00","2015","09","29","12:00","‡","22.5","","19.7","","84","","22","","15","","16.1","","101.00","","30","","","","NA"
"2015-09-29 13:00","2015","09","29","13:00","‡","23.3","","20.0","","82","","18","","13","","16.1","","100.90","","31","","","","NA"
"2015-09-29 14:00","2015","09","29","14:00","‡","22.9","","20.2","","84","","19","","18","","16.1","","100.88","","31","","","","NA"
"2015-09-29 15:00","2015","09","29","15:00","‡","23.6","","19.6","","78","","18","","18","","16.1","","100.82","","31","","","","NA"
"2015-09-29 16:00","2015","09","29","16:00","‡","23.0","","19.8","","82","","18","","13","","16.1","","100.82","","30","","","","Rain"
"2015-09-29 17:00","2015","09","29","17:00","‡","15.9","","15.9","","100","","1","","22","","16.1","","101.01","","","","","","Rain"
"2015-09-29 18:00","2015","09","29","18:00","‡","15.0","","14.8","","98","","2","","18","","8.1","","101.12","","","","","","Rain,Fog"
"2015-09-29 19:00","2015","09","29","19:00","‡","14.2","","14.2","","100","","1","","11","","16.1","","101.21","","","","","","Rain"
"2015-09-29 20:00","2015","09","29","20:00","‡","14.3","","14.3","","100","","3","","9","","16.1","","101.25","","","","","","Rain"
"2015-09-29 21:00","2015","09","29","21:00","‡","14.0","","13.7","","98","","6","","8","","16.1","","101.29","","","","","","Rain"
"2015-09-29 22:00","2015","09","29","22:00","‡","12.9","","12.9","","100","","6","","9","","16.1","","101.33","","","","","","Rain"
"2015-09-29 23:00","2015","09","29","23:00","‡","12.5","","12.5","","100","","3","","5","","16.1","","101.36","","","","","","Rain"
"2015-09-30 00:00","2015","09","30","00:00","‡","12.5","","12.5","","100","","4","","5","","16.1","","101.40","","","","","","Rain"
"2015-09-30 01:00","2015","09","30","01:00","‡","12.5","","12.5","","100","","2","","8","","16.1","","101.40","","","","","","Rain"
"2015-09-30 02:00","2015","09","30","02:00","‡","12.4","","12.4","","100","","2","","13","","16.1","","101.36","","","","","","Rain"
"2015-09-30 03:00","2015","09","30","03:00","‡","10.9","","10.8","","99","","1","","24","","16.1","","101.37","","","","","","Rain"
"2015-09-30 04:00","2015","09","30","04:00","‡","10.2","","10.1","","99","","2","","22","","16.1","","101.38","","","","","","Rain"
"2015-09-30 05:00","2015","09","30","05:00","‡","10.0","","9.7","","98","","1","","26","","16.1","","101.39","","","","","","Rain"
"2015-09-30 06:00","2015","09","30","06:00","‡","9.5","","9.1","","97","","2","","24","","16.1","","101.37","","","","","","Rain"
"2015-09-30 07:00","2015","09","30","07:00","‡","9.5","","8.8","","95","","1","","26","","16.1","","101.42","","","","","","Rain"
"2015-09-30 08:00","2015","09","30","08:00","‡","9.5","","8.9","","96","","2","","28","","16.1","","101.44","","","","","","Rain"
"2015-09-30 09:00","2015","09","30","09:00","‡","9.9","","8.9","","93","","1","","26","","16.1","","101.41","","","","","","NA"
"2015-09-30 10:00","2015","09","30","10:00","‡","9.6","","9.2","","97","","1","","28","","16.1","","101.44","","","","","","Rain"
"2015-09-30 11:00","2015","09","30","11:00","‡","9.4","","9.1","","98","","2","","37","","16.1","","101.39","","","","","","NA"
"2015-09-30 12:00","2015","09","30","12:00","‡","10.0","","7.1","","82","","2","","32","","16.1","","101.45","","","","","","NA"
"2015-09-30 13:00","2015","09","30","13:00","‡","9.5","","8.3","","92","","2","","35","","16.1","","101.45","","","","","","Rain"
"2015-09-30 14:00","2015","09","30","14:00","‡","10.8","","5.9","","72","","2","","35","","16.1","","101.56","","","","","","NA"
"2015-09-30 15:00","2015","09","30","15:00","‡","11.1","","5.3","","67","","3","","34","","16.1","","101.54","","","","","","NA"
"2015-09-30 16:00","2015","09","30","16:00","‡","11.3","","5.1","","66","","3","","24","","16.1","","101.65","","","","","","NA"
"2015-09-30 17:00","2015","09","30","17:00","‡","11.1","","4.3","","63","","1","","26","","16.1","","101.72","","","","","","NA"
"2015-09-30 18:00","2015","09","30","18:00","‡","11.0","","4.6","","64","","1","","26","","16.1","","101.80","","","","","","NA"
"2015-09-30 19:00","2015","09","30","19:00","‡","10.5","","3.8","","63","","1","","32","","16.1","","101.85","","","","","","NA"
"2015-09-30 20:00","2015","09","30","20:00","‡","10.1","","3.7","","64","","36","","24","","16.1","","101.94","","","","","","NA"
"2015-09-30 21:00","2015","09","30","21:00","‡","9.7","","3.5","","65","","1","","21","","16.1","","101.96","","","","","","NA"
"2015-09-30 22:00","2015","09","30","22:00","‡","9.3","","3.2","","65","","2","","21","","16.1","","102.02","","","","","","NA"
"2015-09-30 23:00","2015","09","30","23:00","‡","8.8","","2.9","","67","","1","","18","","16.1","","102.05","","","","","","NA"
