"Station Name","VANCOUVER HARBOUR CS"
"Province","BRITISH COLUMBIA"
"Latitude","49.30"
"Longitude","-123.12"
"Elevation","2.50"
"Climate Identifier","1108446"
"WMO Identifier","71201"
"TC Identifier","WHC"
"All times are specified in Local Standard Time (LST). Add 1 hour to adjust for Daylight Saving Time where and when it is observed."

"Legend"
"E","Estimated"
"M","Missing"
"NA","Not Available"
"‡","Partner data that is not subject to review by the National Climate Archives"

"Date/Time","Year","Month","Day","Time","Data Quality","Temp (°C)","Temp Flag","Dew Point Temp (°C)","Dew Point Temp Flag","Rel Hum (%)","Rel Hum Flag","Wind Dir (10s deg)","Wind Dir Flag","Wind Spd (km/h)","Wind Spd Flag","Visibility (km)","Visibility Flag","Stn Press (kPa)","Stn Press Flag","Hmdx","Hmdx Flag","Wind Chill","Wind Chill Flag","Weather"
"2015-09-01 00:00","2015","09","01","00:00"," ","15.3","","13.7","","90","","","M","","M","","","","M","","","","","NA"
"2015-09-01 01:00","2015","09","01","01:00"," ","15.1","","13.8","","92","","","M","","M","","","","M","","","","","NA"
"2015-09-01 02:00","2015","09","01","02:00"," ","14.8","","13.9","","94","","","M","","M","","","","M","","","","","NA"
"2015-09-01 03:00","2015","09","01","03:00"," ","14.9","","14.1","","95","","","M","","M","","","","M","","","","","NA"
"2015-09-01 04:00","2015","09","01","04:00"," ","14.9","","14.3","","96","","","M","","M","","","","M","","","","","NA"
"2015-09-01 05:00","2015","09","01","05:00"," ","15.0","","13.9","","93","","","M","","M","","","","M","","","","","NA"
"2015-09-01 06:00","2015","09","01","06:00"," ","14.5","","13.5","","94","","","M","","M","","","","M","","","","","NA"
"2015-09-01 07:00","2015","09","01","07:00"," ","14.8","","13.6","","92","","","M","","M","","","","M","","","","","NA"
"2015-09-01 08:00","2015","09","01","08:00"," ","15.3","","13.6","","90","","","M","","M","","","","M","","","","","NA"
"2015-09-01 09:00","2015","09","01","09:00"," ","15.5","","13.7","","89","","","M","","M","","","","M","","","","","NA"
"2015-09-01 10:00","2015","09","01","10:00"," ","15.6","","13.4","","87","","","M","","M","","","","M","","","","","NA"
"2015-09-01 11:00","2015","09","01","11:00"," ","15.7","","12.7","","83","","","M","","M","","","","M","","","","","NA"
"2015-09-01 12:00","2015","09","01","12:00"," ","15.6","","11.7","","78","","","M","","M","","","","M","","","","","NA"
"2015-09-01 13:00","2015","09","01","13:00"," ","15.7","","12.4","","81","","","M","","M","","","","M","","","","","NA"
"2015-09-01 14:00","2015","09","01","14:00"," ","15.7","","12.9","","84","","","M","","M","","","","M","","","","","NA"
"2015-09-01 15:00","2015","09","01","15:00"," ","15.3","","13.0","","86","","","M","","M","","","","M","","","","","NA"
"2015-09-01 16:00","2015","09","01","16:00"," ","14.8","","13.3","","91","","","M","","M","","","","M","","","","","NA"
"2015-09-01 17:00","2015","09","01","17:00"," ","14.4","","13.0","","91","","","M","","M","","","","M","","","","","NA"
"2015-09-01 18:00","2015","09","01","18:00"," ","14.1","","13.0","","93","","","M","","M","","","","M","","","","","NA"
"2015-09-01 19:00","2015","09","01","19:00"," ","14.2","","13.3","","94","","","M","","M","","","","M","","","","","NA"
"2015-09-01 20:00","2015","09","01","20:00"," ","14.3","","12.9","","92","","","M","","M","","","","M","","","","","NA"
"2015-09-01 21:00","2015","09","01","21:00"," ","14.2","","12.7","","91","","","M","","M","","","","M","","","","","NA"
"2015-09-01 22:00","2015","09","01","22:00"," ","13.8","","12.7","","93","","","M","","M","","","","M","","","","","NA"
"2015-09-01 23:00","2015","09","01","23:00"," ","13.7","","12.7","","94","","","M","","M","","","","M","","","","","NA"
"2015-09-02 00:00","2015","09","02","00:00"," ","13.1","","12.4","","95","","","M","","M","","","","M","","","","","NA"
"2015-09-02 01:00","2015","09","02","01:00"," ","12.4","","11.8","","96","","","M","","M","","","","M","","","","","NA"
"2015-09-02 02:00","2015","09","02","02:00"," ","11.7","","11.2","","97","","","M","","M","","","","M","","","","","NA"
"2015-09-02 03:00","2015","09","02","03:00"," ","11.0","","10.5","","97","","","M","","M","","","","M","","","","","NA"
"2015-09-02 04:00","2015","09","02","04:00"," ","11.5","","10.8","","95","","","M","","M","","","","M","","","","","NA"
"2015-09-02 05:00","2015","09","02","05:00"," ","11.2","","10.3","","94","","","M","","M","","","","M","","","","","NA"
"2015-09-02 06:00","2015","09","02","06:00"," ","11.8","","9.6","","87","","","M","","M","","","","M","","","","","NA"
"2015-09-02 07:00","2015","09","02","07:00"," ","12.0","","10.3","","90","","","M","","M","","","","M","","","","","NA"
"2015-09-02 08:00","2015","09","02","08:00"," ","12.0","","10.8","","93","","","M","","M","","","","M","","","","","NA"
"2015-09-02 09:00","2015","09","02","09:00"," ","13.3","","10.9","","85","","","M","","M","","","","M","","","","","NA"
"2015-09-02 10:00","2015","09","02","10:00"," ","13.5","","10.7","","83","","","M","","M","","","","M","","","","","NA"
"2015-09-02 11:00","2015","09","02","11:00"," ","14.0","","10.5","","80","","","M","","M","","","","M","","","","","NA"
"2015-09-02 12:00","2015","09","02","12:00"," ","16.3","","7.9","","57","","","M","","M","","","","M","","","","","NA"
"2015-09-02 13:00","2015","09","02","13:00"," ","15.7","","9.7","","67","","","M","","M","","","","M","","","","","NA"
"2015-09-02 14:00","2015","09","02","14:00"," ","14.6","","9.8","","73","","","M","","M","","","","M","","","","","NA"
"2015-09-02 15:00","2015","09","02","15:00"," ","15.3","","9.3","","67","","","M","","M","","","","M","","","","","NA"
"2015-09-02 16:00","2015","09","02","16:00"," ","15.4","","9.4","","67","","","M","","M","","","","M","","","","","NA"
"2015-09-02 17:00","2015","09","02","17:00"," ","14.6","","9.6","","72","","","M","","M","","","","M","","","","","NA"
"2015-09-02 18:00","2015","09","02","18:00"," ","13.6","","10.1","","79","","","M","","M","","","","M","","","","","NA"
"2015-09-02 19:00","2015","09","02","19:00"," ","13.5","","9.8","","79","","","M","","M","","","","M","","","","","NA"
"2015-09-02 20:00","2015","09","02","20:00"," ","12.6","","10.9","","89","","","M","","M","","","","M","","","","","NA"
"2015-09-02 21:00","2015","09","02","21:00"," ","11.9","","10.0","","88","","","M","","M","","","","M","","","","","NA"
"2015-09-02 22:00","2015","09","02","22:00"," ","12.3","","10.7","","90","","","M","","M","","","","M","","","","","NA"
"2015-09-02 23:00","2015","09","02","23:00"," ","12.2","","10.6","","90","","","M","","M","","","","M","","","","","NA"
"2015-09-03 00:00","2015","09","03","00:00"," ","12.2","","10.8","","92","","","M","","M","","","","M","","","","","NA"
"2015-09-03 01:00","2015","09","03","01:00"," ","12.1","","10.5","","90","","","M","","M","","","","M","","","","","NA"
"2015-09-03 02:00","2015","09","03","02:00"," ","12.3","","10.2","","87","","","M","","M","","","","M","","","","","NA"
"2015-09-03 03:00","2015","09","03","03:00"," ","12.1","","10.3","","89","","","M","","M","","","","M","","","","","NA"
"2015-09-03 04:00","2015","09","03","04:00"," ","11.9","","10.1","","89","","","M","","M","","","","M","","","","","NA"
"2015-09-03 05:00","2015","09","03","05:00"," ","11.8","","10.4","","91","","","M","","M","","","","M","","","","","NA"
"2015-09-03 06:00","2015","09","03","06:00"," ","12.0","","10.6","","91","","","M","","M","","","","M","","","","","NA"
"2015-09-03 07:00","2015","09","03","07:00"," ","12.2","","10.5","","89","","","M","","M","","","","M","","","","","NA"
"2015-09-03 08:00","2015","09","03","08:00"," ","13.0","","10.4","","84","","","M","","M","","","","M","","","","","NA"
"2015-09-03 09:00","2015","09","03","09:00"," ","13.7","","9.9","","78","","","M","","M","","","","M","","","","","NA"
"2015-09-03 10:00","2015","09","03","10:00"," ","14.8","","9.7","","72","","","M","","M","","","","M","","","","","NA"
"2015-09-03 11:00","2015","09","03","11:00"," ","14.1","","9.6","","74","","","M","","M","","","","M","","","","","NA"
"2015-09-03 12:00","2015","09","03","12:00"," ","13.8","","9.5","","75","","","M","","M","","","","M","","","","","NA"
"2015-09-03 13:00","2015","09","03","13:00"," ","12.0","","9.6","","86","","","M","","M","","","","M","","","","","NA"
"2015-09-03 14:00","2015","09","03","14:00"," ","12.8","","9.7","","81","","","M","","M","","","","M","","","","","NA"
"2015-09-03 15:00","2015","09","03","15:00"," ","13.3","","10.5","","83","","","M","","M","","","","M","","","","","NA"
"2015-09-03 16:00","2015","09","03","16:00"," ","13.5","","10.6","","83","","","M","","M","","","","M","","","","","NA"
"2015-09-03 17:00","2015","09","03","17:00"," ","13.4","","10.2","","81","","","M","","M","","","","M","","","","","NA"
"2015-09-03 18:00","2015","09","03","18:00"," ","13.3","","10.6","","84","","","M","","M","","","","M","","","","","NA"
"2015-09-03 19:00","2015","09","03","19:00"," ","13.0","","10.9","","87","","","M","","M","","","","M","","","","","NA"
"2015-09-03 20:00","2015","09","03","20:00"," ","12.7","","10.9","","89","","","M","","M","","","","M","","","","","NA"
"2015-09-03 21:00","2015","09","03","21:00"," ","12.4","","10.1","","86","","","M","","M","","","","M","","","","","NA"
"2015-09-03 22:00","2015","09","03","22:00"," ","12.1","","10.1","","88","","","M","","M","","","","M","","","","","NA"
"2015-09-03 23:00","2015","09","03","23:00"," ","11.7","","8.8","","83","","","M","","M","","","","M","","","","","NA"
"2015-09-04 00:00","2015","09","04","00:00"," ","10.8","","8.4","","85","","","M","","M","","","","M","","","","","NA"
"2015-09-04 01:00","2015","09","04","01:00"," ","10.0","","8.5","","91","","","M","","M","","","","M","","","","","NA"
"2015-09-04 02:00","2015","09","04","02:00"," ","9.4","","7.7","","90","","","M","","M","","","","M","","","","","NA"
"2015-09-04 03:00","2015","09","04","03:00"," ","9.6","","7.7","","88","","","M","","M","","","","M","","","","","NA"
"2015-09-04 04:00","2015","09","04","04:00"," ","9.8","","8.2","","90","","","M","","M","","","","M","","","","","NA"
"2015-09-04 05:00","2015","09","04","05:00"," ","9.7","","8.4","","92","","","M","","M","","","","M","","","","","NA"
"2015-09-04 06:00","2015","09","04","06:00"," ","9.6","","8.3","","92","","","M","","M","","","","M","","","","","NA"
"2015-09-04 07:00","2015","09","04","07:00"," ","11.2","","9.1","","87","","","M","","M","","","","M","","","","","NA"
"2015-09-04 08:00","2015","09","04","08:00"," ","11.8","","8.8","","82","","","M","","M","","","","M","","","","","NA"
"2015-09-04 09:00","2015","09","04","09:00"," ","12.4","","9.1","","80","","","M","","M","","","","M","","","","","NA"
"2015-09-04 10:00","2015","09","04","10:00"," ","13.5","","8.9","","74","","","M","","M","","","","M","","","","","NA"
"2015-09-04 11:00","2015","09","04","11:00"," ","14.3","","8.6","","69","","","M","","M","","","","M","","","","","NA"
"2015-09-04 12:00","2015","09","04","12:00"," ","15.8","","9.0","","64","","","M","","M","","","","M","","","","","NA"
"2015-09-04 13:00","2015","09","04","13:00"," ","15.7","","9.1","","65","","","M","","M","","","","M","","","","","NA"
"2015-09-04 14:00","2015","09","04","14:00"," ","15.8","","10.2","","69","","","M","","M","","","","M","","","","","NA"
"2015-09-04 15:00","2015","09","04","15:00"," ","16.8","","11.1","","69","","","M","","M","","","","M","","","","","NA"
"2015-09-04 16:00","2015","09","04","16:00"," ","16.7","","11.4","","71","","","M","","M","","","","M","","","","","NA"
"2015-09-04 17:00","2015","09","04","17:00"," ","16.8","","11.7","","72","","","M","","M","","","","M","","","","","NA"
"2015-09-04 18:00","2015","09","04","18:00"," ","16.8","","11.1","","69","","","M","","M","","","","M","","","","","NA"
"2015-09-04 19:00","2015","09","04","19:00"," ","15.5","","11.7","","78","","","M","","M","","","","M","","","","","NA"
"2015-09-04 20:00","2015","09","04","20:00"," ","14.3","","11.1","","81","","","M","","M","","","","M","","","","","NA"
"2015-09-04 21:00","2015","09","04","21:00"," ","14.1","","10.8","","81","","","M","","M","","","","M","","","","","NA"
"2015-09-04 22:00","2015","09","04","22:00"," ","13.0","","10.3","","84","","","M","","M","","","","M","","","","","NA"
"2015-09-04 23:00","2015","09","04","23:00"," ","12.9","","9.4","","79","","","M","","M","","","","M","","","","","NA"
"2015-09-05 00:00","2015","09","05","00:00"," ","12.7","","9.1","","79","","","M","","M","","","","M","","","","","NA"
"2015-09-05 01:00","2015","09","05","01:00"," ","12.4","","9.9","","85","","","M","","M","","","","M","","","","","NA"
"2015-09-05 02:00","2015","09","05","02:00"," ","10.9","","8.8","","87","","","M","","M","","","","M","","","","","NA"
"2015-09-05 03:00","2015","09","05","03:00"," ","10.1","","8.7","","91","","","M","","M","","","","M","","","","","NA"
"2015-09-05 04:00","2015","09","05","04:00"," ","10.8","","8.8","","88","","","M","","M","","","","M","","","","","NA"
"2015-09-05 05:00","2015","09","05","05:00"," ","10.8","","9.5","","91","","","M","","M","","","","M","","","","","NA"
"2015-09-05 06:00","2015","09","05","06:00"," ","10.9","","9.4","","91","","","M","","M","","","","M","","","","","NA"
"2015-09-05 07:00","2015","09","05","07:00"," ","12.1","","9.1","","82","","","M","","M","","","","M","","","","","NA"
"2015-09-05 08:00","2015","09","05","08:00"," ","13.2","","9.5","","78","","","M","","M","","","","M","","","","","NA"
"2015-09-05 09:00","2015","09","05","09:00"," ","13.8","","10.2","","79","","","M","","M","","","","M","","","","","NA"
"2015-09-05 10:00","2015","09","05","10:00"," ","14.2","","10.3","","77","","","M","","M","","","","M","","","","","NA"
"2015-09-05 11:00","2015","09","05","11:00"," ","14.9","","9.8","","72","","","M","","M","","","","M","","","","","NA"
"2015-09-05 12:00","2015","09","05","12:00"," ","15.9","","10.2","","69","","","M","","M","","","","M","","","","","NA"
"2015-09-05 13:00","2015","09","05","13:00"," ","17.9","","10.5","","62","","","M","","M","","","","M","","","","","NA"
"2015-09-05 14:00","2015","09","05","14:00"," ","17.8","","10.3","","61","","","M","","M","","","","M","","","","","NA"
"2015-09-05 15:00","2015","09","05","15:00"," ","17.8","","10.3","","62","","","M","","M","","","","M","","","","","NA"
"2015-09-05 16:00","2015","09","05","16:00"," ","17.7","","10.4","","62","","","M","","M","","","","M","","","","","NA"
"2015-09-05 17:00","2015","09","05","17:00"," ","17.2","","10.0","","62","","","M","","M","","","","M","","","","","NA"
"2015-09-05 18:00","2015","09","05","18:00"," ","15.9","","10.7","","71","","","M","","M","","","","M","","","","","NA"
"2015-09-05 19:00","2015","09","05","19:00"," ","15.3","","11.1","","76","","","M","","M","","","","M","","","","","NA"
"2015-09-05 20:00","2015","09","05","20:00"," ","14.3","","11.0","","81","","","M","","M","","","","M","","","","","NA"
"2015-09-05 21:00","2015","09","05","21:00"," ","13.2","","10.8","","85","","","M","","M","","","","M","","","","","NA"
"2015-09-05 22:00","2015","09","05","22:00"," ","12.7","","11.0","","89","","","M","","M","","","","M","","","","","NA"
"2015-09-05 23:00","2015","09","05","23:00"," ","13.5","","11.2","","86","","","M","","M","","","","M","","","","","NA"
"2015-09-06 00:00","2015","09","06","00:00"," ","13.3","","10.9","","86","","","M","","M","","","","M","","","","","NA"
"2015-09-06 01:00","2015","09","06","01:00"," ","13.3","","11.2","","87","","","M","","M","","","","M","","","","","NA"
"2015-09-06 02:00","2015","09","06","02:00"," ","13.3","","11.1","","86","","","M","","M","","","","M","","","","","NA"
"2015-09-06 03:00","2015","09","06","03:00"," ","13.1","","11.0","","87","","","M","","M","","","","M","","","","","NA"
"2015-09-06 04:00","2015","09","06","04:00"," ","13.1","","10.6","","85","","","M","","M","","","","M","","","","","NA"
"2015-09-06 05:00","2015","09","06","05:00"," ","13.3","","9.7","","79","","","M","","M","","","","M","","","","","NA"
"2015-09-06 06:00","2015","09","06","06:00"," ","13.1","","10.1","","82","","","M","","M","","","","M","","","","","NA"
"2015-09-06 07:00","2015","09","06","07:00"," ","13.0","","10.3","","83","","","M","","M","","","","M","","","","","NA"
"2015-09-06 08:00","2015","09","06","08:00"," ","13.7","","10.9","","83","","","M","","M","","","","M","","","","","NA"
"2015-09-06 09:00","2015","09","06","09:00"," ","15.7","","10.7","","72","","","M","","M","","","","M","","","","","NA"
"2015-09-06 10:00","2015","09","06","10:00"," ","15.7","","9.5","","67","","","M","","M","","","","M","","","","","NA"
"2015-09-06 11:00","2015","09","06","11:00"," ","15.5","","10.1","","70","","","M","","M","","","","M","","","","","NA"
"2015-09-06 12:00","2015","09","06","12:00"," ","14.9","","11.0","","78","","","M","","M","","","","M","","","","","NA"
"2015-09-06 13:00","2015","09","06","13:00"," ","15.6","","10.6","","72","","","M","","M","","","","M","","","","","NA"
"2015-09-06 14:00","2015","09","06","14:00"," ","16.1","","9.4","","65","","","M","","M","","","","M","","","","","NA"
"2015-09-06 15:00","2015","09","06","15:00"," ","16.7","","8.2","","57","","","M","","M","","","","M","","","","","NA"
"2015-09-06 16:00","2015","09","06","16:00"," ","17.2","","7.8","","54","","","M","","M","","","","M","","","","","NA"
"2015-09-06 17:00","2015","09","06","17:00"," ","16.6","","8.4","","58","","","M","","M","","","","M","","","","","NA"
"2015-09-06 18:00","2015","09","06","18:00"," ","15.6","","11.2","","75","","","M","","M","","","","M","","","","","NA"
"2015-09-06 19:00","2015","09","06","19:00"," ","14.1","","11.0","","82","","","M","","M","","","","M","","","","","NA"
"2015-09-06 20:00","2015","09","06","20:00"," ","13.4","","11.3","","87","","","M","","M","","","","M","","","","","NA"
"2015-09-06 21:00","2015","09","06","21:00"," ","13.0","","11.1","","88","","","M","","M","","","","M","","","","","NA"
"2015-09-06 22:00","2015","09","06","22:00"," ","12.2","","10.5","","89","","","M","","M","","","","M","","","","","NA"
"2015-09-06 23:00","2015","09","06","23:00"," ","12.2","","9.8","","85","","","M","","M","","","","M","","","","","NA"
"2015-09-07 00:00","2015","09","07","00:00"," ","11.3","","9.4","","88","","","M","","M","","","","M","","","","","NA"
"2015-09-07 01:00","2015","09","07","01:00"," ","12.4","","10.0","","85","","","M","","M","","","","M","","","","","NA"
"2015-09-07 02:00","2015","09","07","02:00"," ","12.2","","10.3","","88","","","M","","M","","","","M","","","","","NA"
"2015-09-07 03:00","2015","09","07","03:00"," ","12.6","","10.4","","87","","","M","","M","","","","M","","","","","NA"
"2015-09-07 04:00","2015","09","07","04:00"," ","12.3","","10.6","","89","","","M","","M","","","","M","","","","","NA"
"2015-09-07 05:00","2015","09","07","05:00"," ","12.4","","10.5","","88","","","M","","M","","","","M","","","","","NA"
"2015-09-07 06:00","2015","09","07","06:00"," ","12.5","","10.5","","88","","","M","","M","","","","M","","","","","NA"
"2015-09-07 07:00","2015","09","07","07:00"," ","13.1","","11.0","","87","","","M","","M","","","","M","","","","","NA"
"2015-09-07 08:00","2015","09","07","08:00"," ","14.6","","10.5","","76","","","M","","M","","","","M","","","","","NA"
"2015-09-07 09:00","2015","09","07","09:00"," ","15.4","","11.6","","78","","","M","","M","","","","M","","","","","NA"
"2015-09-07 10:00","2015","09","07","10:00"," ","17.0","","10.8","","67","","","M","","M","","","","M","","","","","NA"
"2015-09-07 11:00","2015","09","07","11:00"," ","17.3","","11.3","","68","","","M","","M","","","","M","","","","","NA"
"2015-09-07 12:00","2015","09","07","12:00"," ","18.0","","10.7","","62","","","M","","M","","","","M","","","","","NA"
"2015-09-07 13:00","2015","09","07","13:00"," ","18.5","","12.4","","67","","","M","","M","","","","M","","","","","NA"
"2015-09-07 14:00","2015","09","07","14:00"," ","19.6","","11.5","","59","","","M","","M","","","","M","","","","","NA"
"2015-09-07 15:00","2015","09","07","15:00"," ","19.1","","12.2","","64","","","M","","M","","","","M","","","","","NA"
"2015-09-07 16:00","2015","09","07","16:00"," ","18.1","","12.1","","68","","","M","","M","","","","M","","","","","NA"
"2015-09-07 17:00","2015","09","07","17:00"," ","17.4","","12.7","","74","","","M","","M","","","","M","","","","","NA"
"2015-09-07 18:00","2015","09","07","18:00"," ","16.7","","12.3","","75","","","M","","M","","","","M","","","","","NA"
"2015-09-07 19:00","2015","09","07","19:00"," ","16.4","","12.6","","78","","","M","","M","","","","M","","","","","NA"
"2015-09-07 20:00","2015","09","07","20:00"," ","16.0","","12.7","","81","","","M","","M","","","","M","","","","","NA"
"2015-09-07 21:00","2015","09","07","21:00"," ","15.5","","12.6","","83","","","M","","M","","","","M","","","","","NA"
"2015-09-07 22:00","2015","09","07","22:00"," ","15.8","","12.5","","81","","","M","","M","","","","M","","","","","NA"
"2015-09-07 23:00","2015","09","07","23:00"," ","15.6","","12.2","","80","","","M","","M","","","","M","","","","","NA"
"2015-09-08 00:00","2015","09","08","00:00"," ","14.9","","12.1","","83","","","M","","M","","","","M","","","","","NA"
"2015-09-08 01:00","2015","09","08","01:00"," ","14.7","","12.8","","88","","","M","","M","","","","M","","","","","NA"
"2015-09-08 02:00","2015","09","08","02:00"," ","14.0","","13.2","","95","","","M","","M","","","","M","","","","","NA"
"2015-09-08 03:00","2015","09","08","03:00"," ","13.9","","13.3","","96","","","M","","M","","","","M","","","","","NA"
"2015-09-08 04:00","2015","09","08","04:00"," ","13.7","","13.2","","97","","","M","","M","","","","M","","","","","NA"
"2015-09-08 05:00","2015","09","08","05:00"," ","13.8","","13.2","","97","","","M","","M","","","","M","","","","","NA"
"2015-09-08 06:00","2015","09","08","06:00"," ","13.9","","13.2","","96","","","M","","M","","","","M","","","","","NA"
"2015-09-08 07:00","2015","09","08","07:00"," ","13.9","","13.3","","97","","","M","","M","","","","M","","","","","NA"
"2015-09-08 08:00","2015","09","08","08:00"," ","13.9","","13.4","","97","","","M","","M","","","","M","","","","","NA"
"2015-09-08 09:00","2015","09","08","09:00"," ","14.1","","13.4","","96","","","M","","M","","","","M","","","","","NA"
"2015-09-08 10:00","2015","09","08","10:00"," ","14.4","","13.6","","95","","","M","","M","","","","M","","","","","NA"
"2015-09-08 11:00","2015","09","08","11:00"," ","14.5","","13.7","","95","","","M","","M","","","","M","","","","","NA"
"2015-09-08 12:00","2015","09","08","12:00"," ","14.6","","13.8","","95","","","M","","M","","","","M","","","","","NA"
"2015-09-08 13:00","2015","09","08","13:00"," ","14.8","","13.9","","94","","","M","","M","","","","M","","","","","NA"
"2015-09-08 14:00","2015","09","08","14:00"," ","15.1","","14.1","","94","","","M","","M","","","","M","","","","","NA"
"2015-09-08 15:00","2015","09","08","15:00"," ","15.6","","14.2","","91","","","M","","M","","","","M","","","","","NA"
"2015-09-08 16:00","2015","09","08","16:00"," ","17.2","","14.3","","83","","","M","","M","","","","M","","","","","NA"
"2015-09-08 17:00","2015","09","08","17:00"," ","16.6","","14.2","","86","","","M","","M","","","","M","","","","","NA"
"2015-09-08 18:00","2015","09","08","18:00"," ","15.8","","13.8","","88","","","M","","M","","","","M","","","","","NA"
"2015-09-08 19:00","2015","09","08","19:00"," ","15.5","","14.3","","93","","","M","","M","","","","M","","","","","NA"
"2015-09-08 20:00","2015","09","08","20:00"," ","15.7","","14.3","","91","","","M","","M","","","","M","","","","","NA"
"2015-09-08 21:00","2015","09","08","21:00"," ","15.4","","14.2","","93","","","M","","M","","","","M","","","","","NA"
"2015-09-08 22:00","2015","09","08","22:00"," ","15.2","","14.1","","93","","","M","","M","","","","M","","","","","NA"
"2015-09-08 23:00","2015","09","08","23:00"," ","14.8","","14.0","","95","","","M","","M","","","","M","","","","","NA"
"2015-09-09 00:00","2015","09","09","00:00"," ","15.0","","14.3","","95","","","M","","M","","","","M","","","","","NA"
"2015-09-09 01:00","2015","09","09","01:00"," ","14.9","","14.1","","95","","","M","","M","","","","M","","","","","NA"
"2015-09-09 02:00","2015","09","09","02:00"," ","15.0","","14.2","","95","","","M","","M","","","","M","","","","","NA"
"2015-09-09 03:00","2015","09","09","03:00"," ","14.5","","13.9","","96","","","M","","M","","","","M","","","","","NA"
"2015-09-09 04:00","2015","09","09","04:00"," ","15.0","","14.3","","95","","","M","","M","","","","M","","","","","NA"
"2015-09-09 05:00","2015","09","09","05:00"," ","14.7","","14.1","","96","","","M","","M","","","","M","","","","","NA"
"2015-09-09 06:00","2015","09","09","06:00"," ","15.2","","14.6","","96","","","M","","M","","","","M","","","","","NA"
"2015-09-09 07:00","2015","09","09","07:00"," ","14.9","","14.0","","95","","","M","","M","","","","M","","","","","NA"
"2015-09-09 08:00","2015","09","09","08:00"," ","14.9","","13.9","","94","","","M","","M","","","","M","","","","","NA"
"2015-09-09 09:00","2015","09","09","09:00"," ","17.3","","14.2","","82","","","M","","M","","","","M","","","","","NA"
"2015-09-09 10:00","2015","09","09","10:00"," ","17.9","","14.4","","80","","","M","","M","","","","M","","","","","NA"
"2015-09-09 11:00","2015","09","09","11:00"," ","18.7","","14.8","","78","","","M","","M","","","","M","","","","","NA"
"2015-09-09 12:00","2015","09","09","12:00"," ","20.9","","14.5","","67","","","M","","M","","","","M","25","","","","NA"
"2015-09-09 13:00","2015","09","09","13:00"," ","21.7","","13.5","","59","","","M","","M","","","","M","25","","","","NA"
"2015-09-09 14:00","2015","09","09","14:00"," ","22.5","","15.8","","66","","","M","","M","","","","M","27","","","","NA"
"2015-09-09 15:00","2015","09","09","15:00"," ","21.6","","14.9","","66","","","M","","M","","","","M","26","","","","NA"
"2015-09-09 16:00","2015","09","09","16:00"," ","20.7","","14.4","","67","","","M","","M","","","","M","","","","","NA"
"2015-09-09 17:00","2015","09","09","17:00"," ","20.7","","13.8","","65","","","M","","M","","","","M","","","","","NA"
"2015-09-09 18:00","2015","09","09","18:00"," ","20.0","","13.0","","64","","","M","","M","","","","M","","","","","NA"
"2015-09-09 19:00","2015","09","09","19:00"," ","17.5","","14.0","","80","","","M","","M","","","","M","","","","","NA"
"2015-09-09 20:00","2015","09","09","20:00"," ","16.5","","13.9","","85","","","M","","M","","","","M","","","","","NA"
"2015-09-09 21:00","2015","09","09","21:00"," ","15.8","","13.9","","88","","","M","","M","","","","M","","","","","NA"
"2015-09-09 22:00","2015","09","09","22:00"," ","15.2","","13.7","","91","","","M","","M","","","","M","","","","","NA"
"2015-09-09 23:00","2015","09","09","23:00"," ","15.3","","13.6","","90","","","M","","M","","","","M","","","","","NA"
"2015-09-10 00:00","2015","09","10","00:00"," ","15.8","","13.9","","88","","","M","","M","","","","M","","","","","NA"
"2015-09-10 01:00","2015","09","10","01:00"," ","14.4","","13.2","","93","","","M","","M","","","","M","","","","","NA"
"2015-09-10 02:00","2015","09","10","02:00"," ","13.9","","13.1","","95","","","M","","M","","","","M","","","","","NA"
"2015-09-10 03:00","2015","09","10","03:00"," ","13.9","","13.1","","95","","","M","","M","","","","M","","","","","NA"
"2015-09-10 04:00","2015","09","10","04:00"," ","13.6","","12.9","","96","","","M","","M","","","","M","","","","","NA"
"2015-09-10 05:00","2015","09","10","05:00"," ","13.2","","12.7","","97","","","M","","M","","","","M","","","","","NA"
"2015-09-10 06:00","2015","09","10","06:00"," ","13.2","","12.7","","97","","","M","","M","","","","M","","","","","NA"
"2015-09-10 07:00","2015","09","10","07:00"," ","14.6","","13.6","","94","","","M","","M","","","","M","","","","","NA"
"2015-09-10 08:00","2015","09","10","08:00"," ","17.0","","13.8","","82","","","M","","M","","","","M","","","","","NA"
"2015-09-10 09:00","2015","09","10","09:00"," ","18.4","","13.9","","75","","","M","","M","","","","M","","","","","NA"
"2015-09-10 10:00","2015","09","10","10:00"," ","19.4","","13.3","","68","","","M","","M","","","","M","","","","","NA"
"2015-09-10 11:00","2015","09","10","11:00"," ","18.2","","14.7","","80","","","M","","M","","","","M","","","","","NA"
"2015-09-10 12:00","2015","09","10","12:00"," ","18.3","","15.0","","81","","","M","","M","","","","M","","","","","NA"
"2015-09-10 13:00","2015","09","10","13:00"," ","18.9","","15.1","","78","","","M","","M","","","","M","","","","","NA"
"2015-09-10 14:00","2015","09","10","14:00"," ","19.8","","15.1","","74","","","M","","M","","","","M","","","","","NA"
"2015-09-10 15:00","2015","09","10","15:00"," ","20.8","","15.0","","69","","","M","","M","","","","M","25","","","","NA"
"2015-09-10 16:00","2015","09","10","16:00"," ","20.6","","14.6","","68","","","M","","M","","","","M","","","","","NA"
"2015-09-10 17:00","2015","09","10","17:00"," ","20.4","","14.8","","70","","","M","","M","","","","M","","","","","NA"
"2015-09-10 18:00","2015","09","10","18:00"," ","19.3","","15.1","","77","","","M","","M","","","","M","","","","","NA"
"2015-09-10 19:00","2015","09","10","19:00"," ","17.9","","15.3","","85","","","M","","M","","","","M","","","","","NA"
"2015-09-10 20:00","2015","09","10","20:00"," ","16.2","","14.1","","88","","","M","","M","","","","M","","","","","NA"
"2015-09-10 21:00","2015","09","10","21:00"," ","17.1","","15.0","","87","","","M","","M","","","","M","","","","","NA"
"2015-09-10 22:00","2015","09","10","22:00"," ","15.8","","14.8","","94","","","M","","M","","","","M","","","","","NA"
"2015-09-10 23:00","2015","09","10","23:00"," ","15.3","","14.4","","94","","","M","","M","","","","M","","","","","NA"
"2015-09-11 00:00","2015","09","11","00:00"," ","15.0","","14.4","","96","","","M","","M","","","","M","","","","","NA"
"2015-09-11 01:00","2015","09","11","01:00"," ","14.6","","14.0","","96","","","M","","M","","","","M","","","","","NA"
"2015-09-11 02:00","2015","09","11","02:00"," ","14.5","","14.0","","97","","","M","","M","","","","M","","","","","NA"
"2015-09-11 03:00","2015","09","11","03:00"," ","14.5","","13.9","","96","","","M","","M","","","","M","","","","","NA"
"2015-09-11 04:00","2015","09","11","04:00"," ","14.1","","13.5","","96","","","M","","M","","","","M","","","","","NA"
"2015-09-11 05:00","2015","09","11","05:00"," ","13.8","","13.2","","97","","","M","","M","","","","M","","","","","NA"
"2015-09-11 06:00","2015","09","11","06:00"," ","13.7","","13.2","","97","","","M","","M","","","","M","","","","","NA"
"2015-09-11 07:00","2015","09","11","07:00"," ","14.6","","13.7","","94","","","M","","M","","","","M","","","","","NA"
"2015-09-11 08:00","2015","09","11","08:00"," ","17.3","","14.6","","84","","","M","","M","","","","M","","","","","NA"
"2015-09-11 09:00","2015","09","11","09:00"," ","18.6","","14.6","","77","","","M","","M","","","","M","","","","","NA"
"2015-09-11 10:00","2015","09","11","10:00"," ","19.0","","14.6","","76","","","M","","M","","","","M","","","","","NA"
"2015-09-11 11:00","2015","09","11","11:00"," ","18.6","","14.9","","79","","","M","","M","","","","M","","","","","NA"
"2015-09-11 12:00","2015","09","11","12:00"," ","19.3","","15.0","","76","","","M","","M","","","","M","","","","","NA"
"2015-09-11 13:00","2015","09","11","13:00"," ","20.3","","15.0","","72","","","M","","M","","","","M","","","","","NA"
"2015-09-11 14:00","2015","09","11","14:00"," ","22.2","","15.6","","66","","","M","","M","","","","M","27","","","","NA"
"2015-09-11 15:00","2015","09","11","15:00"," ","20.1","","14.9","","72","","","M","","M","","","","M","","","","","NA"
"2015-09-11 16:00","2015","09","11","16:00"," ","20.3","","14.7","","70","","","M","","M","","","","M","","","","","NA"
"2015-09-11 17:00","2015","09","11","17:00"," ","20.0","","14.6","","71","","","M","","M","","","","M","","","","","NA"
"2015-09-11 18:00","2015","09","11","18:00"," ","19.4","","14.5","","73","","","M","","M","","","","M","","","","","NA"
"2015-09-11 19:00","2015","09","11","19:00"," ","17.8","","14.4","","80","","","M","","M","","","","M","","","","","NA"
"2015-09-11 20:00","2015","09","11","20:00"," ","16.5","","14.6","","88","","","M","","M","","","","M","","","","","NA"
"2015-09-11 21:00","2015","09","11","21:00"," ","16.9","","14.8","","88","","","M","","M","","","","M","","","","","NA"
"2015-09-11 22:00","2015","09","11","22:00"," ","15.6","","14.3","","92","","","M","","M","","","","M","","","","","NA"
"2015-09-11 23:00","2015","09","11","23:00"," ","15.5","","14.5","","94","","","M","","M","","","","M","","","","","NA"
"2015-09-12 00:00","2015","09","12","00:00"," ","14.6","","13.8","","95","","","M","","M","","","","M","","","","","NA"
"2015-09-12 01:00","2015","09","12","01:00"," ","14.6","","13.9","","96","","","M","","M","","","","M","","","","","NA"
"2015-09-12 02:00","2015","09","12","02:00"," ","15.6","","14.8","","95","","","M","","M","","","","M","","","","","NA"
"2015-09-12 03:00","2015","09","12","03:00"," ","14.6","","14.0","","96","","","M","","M","","","","M","","","","","NA"
"2015-09-12 04:00","2015","09","12","04:00"," ","13.7","","13.2","","97","","","M","","M","","","","M","","","","","NA"
"2015-09-12 05:00","2015","09","12","05:00"," ","13.6","","13.1","","97","","","M","","M","","","","M","","","","","NA"
"2015-09-12 06:00","2015","09","12","06:00"," ","13.0","","12.6","","97","","","M","","M","","","","M","","","","","NA"
"2015-09-12 07:00","2015","09","12","07:00"," ","14.1","","13.5","","96","","","M","","M","","","","M","","","","","NA"
"2015-09-12 08:00","2015","09","12","08:00"," ","16.7","","14.7","","89","","","M","","M","","","","M","","","","","NA"
"2015-09-12 09:00","2015","09","12","09:00"," ","18.5","","14.4","","77","","","M","","M","","","","M","","","","","NA"
"2015-09-12 10:00","2015","09","12","10:00"," ","17.4","","14.2","","81","","","M","","M","","","","M","","","","","NA"
"2015-09-12 11:00","2015","09","12","11:00"," ","18.1","","14.2","","78","","","M","","M","","","","M","","","","","NA"
"2015-09-12 12:00","2015","09","12","12:00"," ","18.0","","14.0","","78","","","M","","M","","","","M","","","","","NA"
"2015-09-12 13:00","2015","09","12","13:00"," ","18.6","","14.0","","74","","","M","","M","","","","M","","","","","NA"
"2015-09-12 14:00","2015","09","12","14:00"," ","19.2","","14.0","","72","","","M","","M","","","","M","","","","","NA"
"2015-09-12 15:00","2015","09","12","15:00"," ","19.4","","13.8","","70","","","M","","M","","","","M","","","","","NA"
"2015-09-12 16:00","2015","09","12","16:00"," ","20.0","","13.1","","64","","","M","","M","","","","M","","","","","NA"
"2015-09-12 17:00","2015","09","12","17:00"," ","21.5","","13.5","","60","","","M","","M","","","","M","25","","","","NA"
"2015-09-12 18:00","2015","09","12","18:00"," ","20.0","","14.3","","70","","","M","","M","","","","M","","","","","NA"
"2015-09-12 19:00","2015","09","12","19:00"," ","17.4","","14.3","","82","","","M","","M","","","","M","","","","","NA"
"2015-09-12 20:00","2015","09","12","20:00"," ","16.0","","14.0","","88","","","M","","M","","","","M","","","","","NA"
"2015-09-12 21:00","2015","09","12","21:00"," ","16.1","","13.9","","87","","","M","","M","","","","M","","","","","NA"
"2015-09-12 22:00","2015","09","12","22:00"," ","15.3","","13.6","","90","","","M","","M","","","","M","","","","","NA"
"2015-09-12 23:00","2015","09","12","23:00"," ","15.1","","13.7","","91","","","M","","M","","","","M","","","","","NA"
"2015-09-13 00:00","2015","09","13","00:00"," ","15.6","","14.1","","91","","","M","","M","","","","M","","","","","NA"
"2015-09-13 01:00","2015","09","13","01:00"," ","15.7","","14.3","","92","","","M","","M","","","","M","","","","","NA"
"2015-09-13 02:00","2015","09","13","02:00"," ","15.9","","13.0","","83","","","M","","M","","","","M","","","","","NA"
"2015-09-13 03:00","2015","09","13","03:00"," ","16.0","","11.0","","72","","","M","","M","","","","M","","","","","NA"
"2015-09-13 04:00","2015","09","13","04:00"," ","15.3","","10.2","","72","","","M","","M","","","","M","","","","","NA"
"2015-09-13 05:00","2015","09","13","05:00"," ","15.5","","9.8","","69","","","M","","M","","","","M","","","","","NA"
"2015-09-13 06:00","2015","09","13","06:00"," ","14.6","","10.0","","74","","","M","","M","","","","M","","","","","NA"
"2015-09-13 07:00","2015","09","13","07:00"," ","14.3","","10.3","","77","","","M","","M","","","","M","","","","","NA"
"2015-09-13 08:00","2015","09","13","08:00"," ","14.9","","8.9","","68","","","M","","M","","","","M","","","","","NA"
"2015-09-13 09:00","2015","09","13","09:00"," ","15.3","","8.3","","63","","","M","","M","","","","M","","","","","NA"
"2015-09-13 10:00","2015","09","13","10:00"," ","15.7","","8.0","","60","","","M","","M","","","","M","","","","","NA"
"2015-09-13 11:00","2015","09","13","11:00"," ","15.9","","7.6","","58","","","M","","M","","","","M","","","","","NA"
"2015-09-13 12:00","2015","09","13","12:00"," ","15.4","","8.2","","62","","","M","","M","","","","M","","","","","NA"
"2015-09-13 13:00","2015","09","13","13:00"," ","16.3","","6.7","","53","","","M","","M","","","","M","","","","","NA"
"2015-09-13 14:00","2015","09","13","14:00"," ","16.5","","7.5","","55","","","M","","M","","","","M","","","","","NA"
"2015-09-13 15:00","2015","09","13","15:00"," ","17.3","","6.1","","48","","","M","","M","","","","M","","","","","NA"
"2015-09-13 16:00","2015","09","13","16:00"," ","16.9","","7.7","","54","","","M","","M","","","","M","","","","","NA"
"2015-09-13 17:00","2015","09","13","17:00"," ","16.7","","7.0","","53","","","M","","M","","","","M","","","","","NA"
"2015-09-13 18:00","2015","09","13","18:00"," ","15.7","","8.2","","61","","","M","","M","","","","M","","","","","NA"
"2015-09-13 19:00","2015","09","13","19:00"," ","14.3","","8.4","","68","","","M","","M","","","","M","","","","","NA"
"2015-09-13 20:00","2015","09","13","20:00"," ","13.1","","8.2","","72","","","M","","M","","","","M","","","","","NA"
"2015-09-13 21:00","2015","09","13","21:00"," ","12.6","","8.5","","76","","","M","","M","","","","M","","","","","NA"
"2015-09-13 22:00","2015","09","13","22:00"," ","12.8","","9.1","","78","","","M","","M","","","","M","","","","","NA"
"2015-09-13 23:00","2015","09","13","23:00"," ","12.3","","9.4","","83","","","M","","M","","","","M","","","","","NA"
"2015-09-14 00:00","2015","09","14","00:00"," ","12.3","","9.0","","80","","","M","","M","","","","M","","","","","NA"
"2015-09-14 01:00","2015","09","14","01:00"," ","11.7","","8.9","","83","","","M","","M","","","","M","","","","","NA"
"2015-09-14 02:00","2015","09","14","02:00"," ","11.4","","8.4","","82","","","M","","M","","","","M","","","","","NA"
"2015-09-14 03:00","2015","09","14","03:00"," ","11.5","","8.7","","83","","","M","","M","","","","M","","","","","NA"
"2015-09-14 04:00","2015","09","14","04:00"," ","11.7","","9.2","","84","","","M","","M","","","","M","","","","","NA"
"2015-09-14 05:00","2015","09","14","05:00"," ","11.5","","8.9","","84","","","M","","M","","","","M","","","","","NA"
"2015-09-14 06:00","2015","09","14","06:00"," ","10.8","","8.4","","85","","","M","","M","","","","M","","","","","NA"
"2015-09-14 07:00","2015","09","14","07:00"," ","11.4","","9.0","","85","","","M","","M","","","","M","","","","","NA"
"2015-09-14 08:00","2015","09","14","08:00"," ","12.7","","9.7","","82","","","M","","M","","","","M","","","","","NA"
"2015-09-14 09:00","2015","09","14","09:00"," ","13.3","","8.9","","75","","","M","","M","","","","M","","","","","NA"
"2015-09-14 10:00","2015","09","14","10:00"," ","14.5","","9.3","","71","","","M","","M","","","","M","","","","","NA"
"2015-09-14 11:00","2015","09","14","11:00"," ","14.8","","9.2","","69","","","M","","M","","","","M","","","","","NA"
"2015-09-14 12:00","2015","09","14","12:00"," ","15.2","","9.1","","67","","","M","","M","","","","M","","","","","NA"
"2015-09-14 13:00","2015","09","14","13:00"," ","15.1","","8.9","","67","","","M","","M","","","","M","","","","","NA"
"2015-09-14 14:00","2015","09","14","14:00"," ","15.2","","8.9","","66","","","M","","M","","","","M","","","","","NA"
"2015-09-14 15:00","2015","09","14","15:00"," ","15.5","","9.0","","65","","","M","","M","","","","M","","","","","NA"
"2015-09-14 16:00","2015","09","14","16:00"," ","15.2","","8.8","","66","","","M","","M","","","","M","","","","","NA"
"2015-09-14 17:00","2015","09","14","17:00"," ","15.9","","8.7","","63","","","M","","M","","","","M","","","","","NA"
"2015-09-14 18:00","2015","09","14","18:00"," ","14.8","","8.6","","66","","","M","","M","","","","M","","","","","NA"
"2015-09-14 19:00","2015","09","14","19:00"," ","13.0","","8.1","","72","","","M","","M","","","","M","","","","","NA"
"2015-09-14 20:00","2015","09","14","20:00"," ","11.5","","9.3","","86","","","M","","M","","","","M","","","","","NA"
"2015-09-14 21:00","2015","09","14","21:00"," ","10.6","","8.3","","86","","","M","","M","","","","M","","","","","NA"
"2015-09-14 22:00","2015","09","14","22:00"," ","10.3","","8.3","","88","","","M","","M","","","","M","","","","","NA"
"2015-09-14 23:00","2015","09","14","23:00"," ","10.9","","8.1","","83","","","M","","M","","","","M","","","","","NA"
"2015-09-15 00:00","2015","09","15","00:00"," ","11.3","","7.6","","78","","","M","","M","","","","M","","","","","NA"
"2015-09-15 01:00","2015","09","15","01:00"," ","11.5","","7.8","","78","","","M","","M","","","","M","","","","","NA"
"2015-09-15 02:00","2015","09","15","02:00"," ","11.3","","7.8","","79","","","M","","M","","","","M","","","","","NA"
"2015-09-15 03:00","2015","09","15","03:00"," ","11.1","","8.2","","83","","","M","","M","","","","M","","","","","NA"
"2015-09-15 04:00","2015","09","15","04:00"," ","11.4","","8.5","","83","","","M","","M","","","","M","","","","","NA"
"2015-09-15 05:00","2015","09","15","05:00"," ","11.6","","9.2","","85","","","M","","M","","","","M","","","","","NA"
"2015-09-15 06:00","2015","09","15","06:00"," ","11.5","","9.0","","85","","","M","","M","","","","M","","","","","NA"
"2015-09-15 07:00","2015","09","15","07:00"," ","11.7","","9.3","","86","","","M","","M","","","","M","","","","","NA"
"2015-09-15 08:00","2015","09","15","08:00"," ","11.6","","9.3","","85","","","M","","M","","","","M","","","","","NA"
"2015-09-15 09:00","2015","09","15","09:00"," ","11.5","","8.8","","83","","","M","","M","","","","M","","","","","NA"
"2015-09-15 10:00","2015","09","15","10:00"," ","11.8","","7.8","","76","","","M","","M","","","","M","","","","","NA"
"2015-09-15 11:00","2015","09","15","11:00"," ","13.8","","9.2","","74","","","M","","M","","","","M","","","","","NA"
"2015-09-15 12:00","2015","09","15","12:00"," ","14.1","","9.5","","74","","","M","","M","","","","M","","","","","NA"
"2015-09-15 13:00","2015","09","15","13:00"," ","15.5","","10.6","","73","","","M","","M","","","","M","","","","","NA"
"2015-09-15 14:00","2015","09","15","14:00"," ","15.4","","9.6","","68","","","M","","M","","","","M","","","","","NA"
"2015-09-15 15:00","2015","09","15","15:00"," ","14.8","","9.7","","71","","","M","","M","","","","M","","","","","NA"
"2015-09-15 16:00","2015","09","15","16:00"," ","15.2","","8.9","","66","","","M","","M","","","","M","","","","","NA"
"2015-09-15 17:00","2015","09","15","17:00"," ","14.4","","8.6","","68","","","M","","M","","","","M","","","","","NA"
"2015-09-15 18:00","2015","09","15","18:00"," ","14.8","","8.2","","65","","","M","","M","","","","M","","","","","NA"
"2015-09-15 19:00","2015","09","15","19:00"," ","14.0","","9.1","","72","","","M","","M","","","","M","","","","","NA"
"2015-09-15 20:00","2015","09","15","20:00"," ","13.3","","9.7","","79","","","M","","M","","","","M","","","","","NA"
"2015-09-15 21:00","2015","09","15","21:00"," ","13.2","","9.5","","78","","","M","","M","","","","M","","","","","NA"
"2015-09-15 22:00","2015","09","15","22:00"," ","12.9","","9.4","","79","","","M","","M","","","","M","","","","","NA"
"2015-09-15 23:00","2015","09","15","23:00"," ","12.7","","9.5","","81","","","M","","M","","","","M","","","","","NA"
"2015-09-16 00:00","2015","09","16","00:00"," ","12.8","","8.7","","76","","","M","","M","","","","M","","","","","NA"
"2015-09-16 01:00","2015","09","16","01:00"," ","13.0","","9.0","","77","","","M","","M","","","","M","","","","","NA"
"2015-09-16 02:00","2015","09","16","02:00"," ","12.6","","9.3","","81","","","M","","M","","","","M","","","","","NA"
"2015-09-16 03:00","2015","09","16","03:00"," ","12.0","","9.4","","84","","","M","","M","","","","M","","","","","NA"
"2015-09-16 04:00","2015","09","16","04:00"," ","12.2","","9.1","","81","","","M","","M","","","","M","","","","","NA"
"2015-09-16 05:00","2015","09","16","05:00"," ","12.2","","9.8","","85","","","M","","M","","","","M","","","","","NA"
"2015-09-16 06:00","2015","09","16","06:00"," ","12.1","","9.7","","85","","","M","","M","","","","M","","","","","NA"
"2015-09-16 07:00","2015","09","16","07:00"," ","12.8","","9.4","","80","","","M","","M","","","","M","","","","","NA"
"2015-09-16 08:00","2015","09","16","08:00"," ","12.8","","9.7","","82","","","M","","M","","","","M","","","","","NA"
"2015-09-16 09:00","2015","09","16","09:00"," ","14.3","","10.0","","76","","","M","","M","","","","M","","","","","NA"
"2015-09-16 10:00","2015","09","16","10:00"," ","14.3","","10.0","","75","","","M","","M","","","","M","","","","","NA"
"2015-09-16 11:00","2015","09","16","11:00"," ","16.0","","8.1","","60","","","M","","M","","","","M","","","","","NA"
"2015-09-16 12:00","2015","09","16","12:00"," ","16.0","","8.8","","62","","","M","","M","","","","M","","","","","NA"
"2015-09-16 13:00","2015","09","16","13:00"," ","16.4","","9.1","","62","","","M","","M","","","","M","","","","","NA"
"2015-09-16 14:00","2015","09","16","14:00"," ","17.9","","8.5","","54","","","M","","M","","","","M","","","","","NA"
"2015-09-16 15:00","2015","09","16","15:00"," ","17.5","","8.5","","56","","","M","","M","","","","M","","","","","NA"
"2015-09-16 16:00","2015","09","16","16:00"," ","17.2","","8.1","","55","","","M","","M","","","","M","","","","","NA"
"2015-09-16 17:00","2015","09","16","17:00"," ","17.0","","7.7","","54","","","M","","M","","","","M","","","","","NA"
"2015-09-16 18:00","2015","09","16","18:00"," ","15.5","","8.8","","65","","","M","","M","","","","M","","","","","NA"
"2015-09-16 19:00","2015","09","16","19:00"," ","13.6","","8.2","","70","","","M","","M","","","","M","","","","","NA"
"2015-09-16 20:00","2015","09","16","20:00"," ","13.2","","10.0","","81","","","M","","M","","","","M","","","","","NA"
"2015-09-16 21:00","2015","09","16","21:00"," ","13.4","","10.1","","80","","","M","","M","","","","M","","","","","NA"
"2015-09-16 22:00","2015","09","16","22:00"," ","13.1","","10.1","","82","","","M","","M","","","","M","","","","","NA"
"2015-09-16 23:00","2015","09","16","23:00"," ","13.2","","9.8","","80","","","M","","M","","","","M","","","","","NA"
"2015-09-17 00:00","2015","09","17","00:00"," ","13.2","","10.1","","81","","","M","","M","","","","M","","","","","NA"
"2015-09-17 01:00","2015","09","17","01:00"," ","12.8","","9.9","","83","","","M","","M","","","","M","","","","","NA"
"2015-09-17 02:00","2015","09","17","02:00"," ","11.8","","10.5","","91","","","M","","M","","","","M","","","","","NA"
"2015-09-17 03:00","2015","09","17","03:00"," ","12.2","","11.1","","93","","","M","","M","","","","M","","","","","NA"
"2015-09-17 04:00","2015","09","17","04:00"," ","12.6","","10.9","","89","","","M","","M","","","","M","","","","","NA"
"2015-09-17 05:00","2015","09","17","05:00"," ","12.5","","11.4","","93","","","M","","M","","","","M","","","","","NA"
"2015-09-17 06:00","2015","09","17","06:00"," ","12.8","","11.5","","92","","","M","","M","","","","M","","","","","NA"
"2015-09-17 07:00","2015","09","17","07:00"," ","12.8","","11.2","","90","","","M","","M","","","","M","","","","","NA"
"2015-09-17 08:00","2015","09","17","08:00"," ","13.1","","11.5","","90","","","M","","M","","","","M","","","","","NA"
"2015-09-17 09:00","2015","09","17","09:00"," ","13.3","","11.4","","88","","","M","","M","","","","M","","","","","NA"
"2015-09-17 10:00","2015","09","17","10:00"," ","12.9","","11.8","","93","","","M","","M","","","","M","","","","","NA"
"2015-09-17 11:00","2015","09","17","11:00"," ","13.5","","12.0","","91","","","M","","M","","","","M","","","","","NA"
"2015-09-17 12:00","2015","09","17","12:00"," ","14.8","","13.0","","89","","","M","","M","","","","M","","","","","NA"
"2015-09-17 13:00","2015","09","17","13:00"," ","16.3","","12.6","","78","","","M","","M","","","","M","","","","","NA"
"2015-09-17 14:00","2015","09","17","14:00"," ","15.6","","12.7","","83","","","M","","M","","","","M","","","","","NA"
"2015-09-17 15:00","2015","09","17","15:00"," ","15.3","","12.2","","82","","","M","","M","","","","M","","","","","NA"
"2015-09-17 16:00","2015","09","17","16:00"," ","15.7","","12.6","","82","","","M","","M","","","","M","","","","","NA"
"2015-09-17 17:00","2015","09","17","17:00"," ","15.2","","12.7","","85","","","M","","M","","","","M","","","","","NA"
"2015-09-17 18:00","2015","09","17","18:00"," ","15.8","","12.5","","81","","","M","","M","","","","M","","","","","NA"
"2015-09-17 19:00","2015","09","17","19:00"," ","14.8","","12.3","","85","","","M","","M","","","","M","","","","","NA"
"2015-09-17 20:00","2015","09","17","20:00"," ","14.4","","12.4","","88","","","M","","M","","","","M","","","","","NA"
"2015-09-17 21:00","2015","09","17","21:00"," ","14.3","","12.7","","90","","","M","","M","","","","M","","","","","NA"
"2015-09-17 22:00","2015","09","17","22:00"," ","14.1","","12.7","","91","","","M","","M","","","","M","","","","","NA"
"2015-09-17 23:00","2015","09","17","23:00"," ","14.5","","12.0","","85","","","M","","M","","","","M","","","","","NA"
"2015-09-18 00:00","2015","09","18","00:00"," ","14.1","","12.0","","87","","","M","","M","","","","M","","","","","NA"
"2015-09-18 01:00","2015","09","18","01:00"," ","13.5","","12.0","","90","","","M","","M","","","","M","","","","","NA"
"2015-09-18 02:00","2015","09","18","02:00"," ","13.5","","11.8","","89","","","M","","M","","","","M","","","","","NA"
"2015-09-18 03:00","2015","09","18","03:00"," ","13.0","","11.6","","91","","","M","","M","","","","M","","","","","NA"
"2015-09-18 04:00","2015","09","18","04:00"," ","13.1","","11.7","","92","","","M","","M","","","","M","","","","","NA"
"2015-09-18 05:00","2015","09","18","05:00"," ","13.3","","11.7","","91","","","M","","M","","","","M","","","","","NA"
"2015-09-18 06:00","2015","09","18","06:00"," ","13.4","","11.7","","90","","","M","","M","","","","M","","","","","NA"
"2015-09-18 07:00","2015","09","18","07:00"," ","13.5","","11.6","","89","","","M","","M","","","","M","","","","","NA"
"2015-09-18 08:00","2015","09","18","08:00"," ","13.5","","11.9","","90","","","M","","M","","","","M","","","","","NA"
"2015-09-18 09:00","2015","09","18","09:00"," ","13.8","","12.0","","89","","","M","","M","","","","M","","","","","NA"
"2015-09-18 10:00","2015","09","18","10:00"," ","13.5","","12.3","","93","","","M","","M","","","","M","","","","","NA"
"2015-09-18 11:00","2015","09","18","11:00"," ","13.7","","12.4","","92","","","M","","M","","","","M","","","","","NA"
"2015-09-18 12:00","2015","09","18","12:00"," ","13.8","","12.8","","93","","","M","","M","","","","M","","","","","NA"
"2015-09-18 13:00","2015","09","18","13:00"," ","13.9","","12.9","","94","","","M","","M","","","","M","","","","","NA"
"2015-09-18 14:00","2015","09","18","14:00"," ","14.2","","13.3","","95","","","M","","M","","","","M","","","","","NA"
"2015-09-18 15:00","2015","09","18","15:00"," ","14.1","","13.1","","94","","","M","","M","","","","M","","","","","NA"
"2015-09-18 16:00","2015","09","18","16:00"," ","14.3","","13.0","","92","","","M","","M","","","","M","","","","","NA"
"2015-09-18 17:00","2015","09","18","17:00"," ","14.2","","12.7","","91","","","M","","M","","","","M","","","","","NA"
"2015-09-18 18:00","2015","09","18","18:00"," ","14.0","","12.5","","91","","","M","","M","","","","M","","","","","NA"
"2015-09-18 19:00","2015","09","18","19:00"," ","13.8","","12.5","","92","","","M","","M","","","","M","","","","","NA"
"2015-09-18 20:00","2015","09","18","20:00"," ","13.7","","12.5","","93","","","M","","M","","","","M","","","","","NA"
"2015-09-18 21:00","2015","09","18","21:00"," ","14.0","","12.6","","92","","","M","","M","","","","M","","","","","NA"
"2015-09-18 22:00","2015","09","18","22:00"," ","13.6","","12.7","","94","","","M","","M","","","","M","","","","","NA"
"2015-09-18 23:00","2015","09","18","23:00"," ","13.6","","12.6","","94","","","M","","M","","","","M","","","","","NA"
"2015-09-19 00:00","2015","09","19","00:00"," ","13.7","","12.7","","94","","","M","","M","","","","M","","","","","NA"
"2015-09-19 01:00","2015","09","19","01:00"," ","13.8","","12.6","","93","","","M","","M","","","","M","","","","","NA"
"2015-09-19 02:00","2015","09","19","02:00"," ","13.6","","12.8","","95","","","M","","M","","","","M","","","","","NA"
"2015-09-19 03:00","2015","09","19","03:00"," ","13.4","","12.8","","96","","","M","","M","","","","M","","","","","NA"
"2015-09-19 04:00","2015","09","19","04:00"," ","13.5","","13.0","","97","","","M","","M","","","","M","","","","","NA"
"2015-09-19 05:00","2015","09","19","05:00"," ","13.4","","13.0","","97","","","M","","M","","","","M","","","","","NA"
"2015-09-19 06:00","2015","09","19","06:00"," ","13.6","","13.1","","97","","","M","","M","","","","M","","","","","NA"
"2015-09-19 07:00","2015","09","19","07:00"," ","13.6","","13.2","","97","","","M","","M","","","","M","","","","","NA"
"2015-09-19 08:00","2015","09","19","08:00"," ","13.6","","13.2","","97","","","M","","M","","","","M","","","","","NA"
"2015-09-19 09:00","2015","09","19","09:00"," ","13.7","","13.3","","98","","","M","","M","","","","M","","","","","NA"
"2015-09-19 10:00","2015","09","19","10:00"," ","14.0","","13.6","","98","","","M","","M","","","","M","","","","","NA"
"2015-09-19 11:00","2015","09","19","11:00"," ","14.2","","13.8","","97","","","M","","M","","","","M","","","","","NA"
"2015-09-19 12:00","2015","09","19","12:00"," ","14.2","","13.7","","97","","","M","","M","","","","M","","","","","NA"
"2015-09-19 13:00","2015","09","19","13:00"," ","14.5","","14.1","","97","","","M","","M","","","","M","","","","","NA"
"2015-09-19 14:00","2015","09","19","14:00"," ","14.5","","14.1","","97","","","M","","M","","","","M","","","","","NA"
"2015-09-19 15:00","2015","09","19","15:00"," ","14.4","","13.9","","97","","","M","","M","","","","M","","","","","NA"
"2015-09-19 16:00","2015","09","19","16:00"," ","14.6","","14.2","","97","","","M","","M","","","","M","","","","","NA"
"2015-09-19 17:00","2015","09","19","17:00"," ","14.4","","14.0","","97","","","M","","M","","","","M","","","","","NA"
"2015-09-19 18:00","2015","09","19","18:00"," ","14.6","","14.2","","98","","","M","","M","","","","M","","","","","NA"
"2015-09-19 19:00","2015","09","19","19:00"," ","14.4","","14.0","","98","","","M","","M","","","","M","","","","","NA"
"2015-09-19 20:00","2015","09","19","20:00"," ","14.8","","14.4","","98","","","M","","M","","","","M","","","","","NA"
"2015-09-19 21:00","2015","09","19","21:00"," ","14.5","","14.1","","97","","","M","","M","","","","M","","","","","NA"
"2015-09-19 22:00","2015","09","19","22:00"," ","15.1","","14.6","","97","","","M","","M","","","","M","","","","","NA"
"2015-09-19 23:00","2015","09","19","23:00"," ","15.4","","14.2","","93","","","M","","M","","","","M","","","","","NA"
"2015-09-20 00:00","2015","09","20","00:00"," ","15.4","","14.1","","92","","","M","","M","","","","M","","","","","NA"
"2015-09-20 01:00","2015","09","20","01:00"," ","15.7","","14.6","","93","","","M","","M","","","","M","","","","","NA"
"2015-09-20 02:00","2015","09","20","02:00"," ","15.9","","14.4","","91","","","M","","M","","","","M","","","","","NA"
"2015-09-20 03:00","2015","09","20","03:00"," ","16.0","","14.4","","90","","","M","","M","","","","M","","","","","NA"
"2015-09-20 04:00","2015","09","20","04:00"," ","16.0","","15.0","","94","","","M","","M","","","","M","","","","","NA"
"2015-09-20 05:00","2015","09","20","05:00"," ","15.9","","14.7","","93","","","M","","M","","","","M","","","","","NA"
"2015-09-20 06:00","2015","09","20","06:00"," ","15.5","","14.4","","93","","","M","","M","","","","M","","","","","NA"
"2015-09-20 07:00","2015","09","20","07:00"," ","15.6","","14.7","","94","","","M","","M","","","","M","","","","","NA"
"2015-09-20 08:00","2015","09","20","08:00"," ","15.9","","15.1","","95","","","M","","M","","","","M","","","","","NA"
"2015-09-20 09:00","2015","09","20","09:00"," ","16.7","","15.5","","93","","","M","","M","","","","M","","","","","NA"
"2015-09-20 10:00","2015","09","20","10:00"," ","16.2","","15.3","","95","","","M","","M","","","","M","","","","","NA"
"2015-09-20 11:00","2015","09","20","11:00"," ","16.7","","15.3","","92","","","M","","M","","","","M","","","","","NA"
"2015-09-20 12:00","2015","09","20","12:00"," ","18.1","","15.7","","86","","","M","","M","","","","M","","","","","NA"
"2015-09-20 13:00","2015","09","20","13:00"," ","18.4","","16.0","","86","","","M","","M","","","","M","","","","","NA"
"2015-09-20 14:00","2015","09","20","14:00"," ","15.2","","13.1","","88","","","M","","M","","","","M","","","","","NA"
"2015-09-20 15:00","2015","09","20","15:00"," ","13.7","","11.8","","88","","","M","","M","","","","M","","","","","NA"
"2015-09-20 16:00","2015","09","20","16:00"," ","13.9","","12.0","","88","","","M","","M","","","","M","","","","","NA"
"2015-09-20 17:00","2015","09","20","17:00"," ","14.5","","11.8","","84","","","M","","M","","","","M","","","","","NA"
"2015-09-20 18:00","2015","09","20","18:00"," ","13.8","","11.0","","83","","","M","","M","","","","M","","","","","NA"
"2015-09-20 19:00","2015","09","20","19:00"," ","14.3","","9.3","","72","","","M","","M","","","","M","","","","","NA"
"2015-09-20 20:00","2015","09","20","20:00"," ","13.9","","10.1","","78","","","M","","M","","","","M","","","","","NA"
"2015-09-20 21:00","2015","09","20","21:00"," ","13.9","","9.5","","75","","","M","","M","","","","M","","","","","NA"
"2015-09-20 22:00","2015","09","20","22:00"," ","13.4","","9.7","","78","","","M","","M","","","","M","","","","","NA"
"2015-09-20 23:00","2015","09","20","23:00"," ","11.3","","9.3","","88","","","M","","M","","","","M","","","","","NA"
"2015-09-21 00:00","2015","09","21","00:00"," ","12.0","","10.3","","89","","","M","","M","","","","M","","","","","NA"
"2015-09-21 01:00","2015","09","21","01:00"," ","11.8","","10.3","","91","","","M","","M","","","","M","","","","","NA"
"2015-09-21 02:00","2015","09","21","02:00"," ","10.8","","9.3","","91","","","M","","M","","","","M","","","","","NA"
"2015-09-21 03:00","2015","09","21","03:00"," ","9.9","","9.0","","94","","","M","","M","","","","M","","","","","NA"
"2015-09-21 04:00","2015","09","21","04:00"," ","11.0","","10.0","","94","","","M","","M","","","","M","","","","","NA"
"2015-09-21 05:00","2015","09","21","05:00"," ","10.6","","9.3","","92","","","M","","M","","","","M","","","","","NA"
"2015-09-21 06:00","2015","09","21","06:00"," ","11.1","","9.2","","88","","","M","","M","","","","M","","","","","NA"
"2015-09-21 07:00","2015","09","21","07:00"," ","11.4","","9.6","","89","","","M","","M","","","","M","","","","","NA"
"2015-09-21 08:00","2015","09","21","08:00"," ","13.3","","9.5","","78","","","M","","M","","","","M","","","","","NA"
"2015-09-21 09:00","2015","09","21","09:00"," ","13.8","","9.3","","74","","","M","","M","","","","M","","","","","NA"
"2015-09-21 10:00","2015","09","21","10:00"," ","14.4","","9.4","","72","","","M","","M","","","","M","","","","","NA"
"2015-09-21 11:00","2015","09","21","11:00"," ","13.9","","9.7","","76","","","M","","M","","","","M","","","","","NA"
"2015-09-21 12:00","2015","09","21","12:00"," ","14.6","","9.6","","72","","","M","","M","","","","M","","","","","NA"
"2015-09-21 13:00","2015","09","21","13:00"," ","15.1","","9.3","","69","","","M","","M","","","","M","","","","","NA"
"2015-09-21 14:00","2015","09","21","14:00"," ","15.5","","9.3","","67","","","M","","M","","","","M","","","","","NA"
"2015-09-21 15:00","2015","09","21","15:00"," ","16.0","","8.6","","62","","","M","","M","","","","M","","","","","NA"
"2015-09-21 16:00","2015","09","21","16:00"," ","16.5","","7.8","","56","","","M","","M","","","","M","","","","","NA"
"2015-09-21 17:00","2015","09","21","17:00"," ","16.3","","8.4","","60","","","M","","M","","","","M","","","","","NA"
"2015-09-21 18:00","2015","09","21","18:00"," ","13.9","","9.2","","73","","","M","","M","","","","M","","","","","NA"
"2015-09-21 19:00","2015","09","21","19:00"," ","11.5","","8.7","","83","","","M","","M","","","","M","","","","","NA"
"2015-09-21 20:00","2015","09","21","20:00"," ","11.2","","9.3","","88","","","M","","M","","","","M","","","","","NA"
"2015-09-21 21:00","2015","09","21","21:00"," ","10.3","","9.0","","92","","","M","","M","","","","M","","","","","NA"
"2015-09-21 22:00","2015","09","21","22:00"," ","11.4","","9.0","","86","","","M","","M","","","","M","","","","","NA"
"2015-09-21 23:00","2015","09","21","23:00"," ","11.5","","9.6","","88","","","M","","M","","","","M","","","","","NA"
"2015-09-22 00:00","2015","09","22","00:00"," ","10.6","","7.8","","83","","","M","","M","","","","M","","","","","NA"
"2015-09-22 01:00","2015","09","22","01:00"," ","11.0","","8.7","","86","","","M","","M","","","","M","","","","","NA"
"2015-09-22 02:00","2015","09","22","02:00"," ","10.5","","8.0","","85","","","M","","M","","","","M","","","","","NA"
"2015-09-22 03:00","2015","09","22","03:00"," ","10.5","","8.0","","85","","","M","","M","","","","M","","","","","NA"
"2015-09-22 04:00","2015","09","22","04:00"," ","10.1","","8.7","","91","","","M","","M","","","","M","","","","","NA"
"2015-09-22 05:00","2015","09","22","05:00"," ","9.6","","7.7","","87","","","M","","M","","","","M","","","","","NA"
"2015-09-22 06:00","2015","09","22","06:00"," ","9.6","","7.9","","90","","","M","","M","","","","M","","","","","NA"
"2015-09-22 07:00","2015","09","22","07:00"," ","10.4","","8.1","","86","","","M","","M","","","","M","","","","","NA"
"2015-09-22 08:00","2015","09","22","08:00"," ","12.7","","8.9","","78","","","M","","M","","","","M","","","","","NA"
"2015-09-22 09:00","2015","09","22","09:00"," ","14.4","","7.9","","65","","","M","","M","","","","M","","","","","NA"
"2015-09-22 10:00","2015","09","22","10:00"," ","14.4","","8.9","","70","","","M","","M","","","","M","","","","","NA"
"2015-09-22 11:00","2015","09","22","11:00"," ","15.0","","8.2","","64","","","M","","M","","","","M","","","","","NA"
"2015-09-22 12:00","2015","09","22","12:00"," ","15.7","","9.0","","64","","","M","","M","","","","M","","","","","NA"
"2015-09-22 13:00","2015","09","22","13:00"," ","15.8","","10.3","","70","","","M","","M","","","","M","","","","","NA"
"2015-09-22 14:00","2015","09","22","14:00"," ","16.6","","9.9","","65","","","M","","M","","","","M","","","","","NA"
"2015-09-22 15:00","2015","09","22","15:00"," ","16.6","","10.2","","66","","","M","","M","","","","M","","","","","NA"
"2015-09-22 16:00","2015","09","22","16:00"," ","16.8","","9.3","","61","","","M","","M","","","","M","","","","","NA"
"2015-09-22 17:00","2015","09","22","17:00"," ","15.4","","10.1","","70","","","M","","M","","","","M","","","","","NA"
"2015-09-22 18:00","2015","09","22","18:00"," ","14.1","","10.7","","80","","","M","","M","","","","M","","","","","NA"
"2015-09-22 19:00","2015","09","22","19:00"," ","12.0","","9.6","","86","","","M","","M","","","","M","","","","","NA"
"2015-09-22 20:00","2015","09","22","20:00"," ","12.6","","10.5","","87","","","M","","M","","","","M","","","","","NA"
"2015-09-22 21:00","2015","09","22","21:00"," ","12.4","","9.9","","85","","","M","","M","","","","M","","","","","NA"
"2015-09-22 22:00","2015","09","22","22:00"," ","12.2","","9.4","","83","","","M","","M","","","","M","","","","","NA"
"2015-09-22 23:00","2015","09","22","23:00"," ","12.0","","9.2","","83","","","M","","M","","","","M","","","","","NA"
"2015-09-23 00:00","2015","09","23","00:00"," ","11.9","","9.3","","84","","","M","","M","","","","M","","","","","NA"
"2015-09-23 01:00","2015","09","23","01:00"," ","11.6","","8.9","","84","","","M","","M","","","","M","","","","","NA"
"2015-09-23 02:00","2015","09","23","02:00"," ","11.5","","8.6","","82","","","M","","M","","","","M","","","","","NA"
"2015-09-23 03:00","2015","09","23","03:00"," ","11.4","","9.2","","86","","","M","","M","","","","M","","","","","NA"
"2015-09-23 04:00","2015","09","23","04:00"," ","11.3","","8.7","","84","","","M","","M","","","","M","","","","","NA"
"2015-09-23 05:00","2015","09","23","05:00"," ","11.3","","8.6","","84","","","M","","M","","","","M","","","","","NA"
"2015-09-23 06:00","2015","09","23","06:00"," ","11.2","","9.0","","86","","","M","","M","","","","M","","","","","NA"
"2015-09-23 07:00","2015","09","23","07:00"," ","11.3","","9.3","","87","","","M","","M","","","","M","","","","","NA"
"2015-09-23 08:00","2015","09","23","08:00"," ","12.1","","9.5","","84","","","M","","M","","","","M","","","","","NA"
"2015-09-23 09:00","2015","09","23","09:00"," ","14.0","","9.5","","75","","","M","","M","","","","M","","","","","NA"
"2015-09-23 10:00","2015","09","23","10:00"," ","15.1","","9.9","","71","","","M","","M","","","","M","","","","","NA"
"2015-09-23 11:00","2015","09","23","11:00"," ","15.3","","9.2","","67","","","M","","M","","","","M","","","","","NA"
"2015-09-23 12:00","2015","09","23","12:00"," ","16.2","","9.0","","62","","","M","","M","","","","M","","","","","NA"
"2015-09-23 13:00","2015","09","23","13:00"," ","16.5","","9.3","","62","","","M","","M","","","","M","","","","","NA"
"2015-09-23 14:00","2015","09","23","14:00"," ","17.1","","7.2","","52","","","M","","M","","","","M","","","","","NA"
"2015-09-23 15:00","2015","09","23","15:00"," ","16.9","","8.1","","56","","","M","","M","","","","M","","","","","NA"
"2015-09-23 16:00","2015","09","23","16:00"," ","16.5","","8.5","","59","","","M","","M","","","","M","","","","","NA"
"2015-09-23 17:00","2015","09","23","17:00"," ","15.4","","10.2","","71","","","M","","M","","","","M","","","","","NA"
"2015-09-23 18:00","2015","09","23","18:00"," ","14.9","","9.9","","72","","","M","","M","","","","M","","","","","NA"
"2015-09-23 19:00","2015","09","23","19:00"," ","14.8","","9.6","","71","","","M","","M","","","","M","","","","","NA"
"2015-09-23 20:00","2015","09","23","20:00"," ","14.3","","10.0","","75","","","M","","M","","","","M","","","","","NA"
"2015-09-23 21:00","2015","09","23","21:00"," ","13.9","","10.3","","79","","","M","","M","","","","M","","","","","NA"
"2015-09-23 22:00","2015","09","23","22:00"," ","13.7","","10.4","","80","","","M","","M","","","","M","","","","","NA"
"2015-09-23 23:00","2015","09","23","23:00"," ","13.8","","10.4","","80","","","M","","M","","","","M","","","","","NA"
"2015-09-24 00:00","2015","09","24","00:00"," ","13.8","","10.2","","79","","","M","","M","","","","M","","","","","NA"
"2015-09-24 01:00","2015","09","24","01:00"," ","13.7","","10.9","","84","","","M","","M","","","","M","","","","","NA"
"2015-09-24 02:00","2015","09","24","02:00"," ","13.4","","10.7","","84","","","M","","M","","","","M","","","","","NA"
"2015-09-24 03:00","2015","09","24","03:00"," ","13.4","","10.8","","84","","","M","","M","","","","M","","","","","NA"
"2015-09-24 04:00","2015","09","24","04:00"," ","13.8","","10.6","","81","","","M","","M","","","","M","","","","","NA"
"2015-09-24 05:00","2015","09","24","05:00"," ","13.5","","10.6","","83","","","M","","M","","","","M","","","","","NA"
"2015-09-24 06:00","2015","09","24","06:00"," ","13.3","","10.9","","86","","","M","","M","","","","M","","","","","NA"
"2015-09-24 07:00","2015","09","24","07:00"," ","13.7","","11.3","","85","","","M","","M","","","","M","","","","","NA"
"2015-09-24 08:00","2015","09","24","08:00"," ","15.1","","11.0","","77","","","M","","M","","","","M","","","","","NA"
"2015-09-24 09:00","2015","09","24","09:00"," ","15.2","","11.3","","78","","","M","","M","","","","M","","","","","NA"
"2015-09-24 10:00","2015","09","24","10:00"," ","15.1","","11.8","","81","","","M","","M","","","","M","","","","","NA"
"2015-09-24 11:00","2015","09","24","11:00"," ","15.3","","11.3","","77","","","M","","M","","","","M","","","","","NA"
"2015-09-24 12:00","2015","09","24","12:00"," ","15.0","","11.9","","82","","","M","","M","","","","M","","","","","NA"
"2015-09-24 13:00","2015","09","24","13:00"," ","15.4","","12.5","","83","","","M","","M","","","","M","","","","","NA"
"2015-09-24 14:00","2015","09","24","14:00"," ","15.4","","13.2","","87","","","M","","M","","","","M","","","","","NA"
"2015-09-24 15:00","2015","09","24","15:00"," ","14.9","","13.6","","92","","","M","","M","","","","M","","","","","NA"
"2015-09-24 16:00","2015","09","24","16:00"," ","14.4","","13.3","","93","","","M","","M","","","","M","","","","","NA"
"2015-09-24 17:00","2015","09","24","17:00"," ","13.9","","13.0","","95","","","M","","M","","","","M","","","","","NA"
"2015-09-24 18:00","2015","09","24","18:00"," ","13.7","","13.1","","96","","","M","","M","","","","M","","","","","NA"
"2015-09-24 19:00","2015","09","24","19:00"," ","13.5","","12.9","","96","","","M","","M","","","","M","","","","","NA"
"2015-09-24 20:00","2015","09","24","20:00"," ","13.4","","12.9","","97","","","M","","M","","","","M","","","","","NA"
"2015-09-24 21:00","2015","09","24","21:00"," ","13.7","","13.2","","97","","","M","","M","","","","M","","","","","NA"
"2015-09-24 22:00","2015","09","24","22:00"," ","13.6","","13.2","","97","","","M","","M","","","","M","","","","","NA"
"2015-09-24 23:00","2015","09","24","23:00"," ","13.0","","12.7","","98","","","M","","M","","","","M","","","","","NA"
"2015-09-25 00:00","2015","09","25","00:00"," ","12.7","","12.2","","97","","","M","","M","","","","M","","","","","NA"
"2015-09-25 01:00","2015","09","25","01:00"," ","12.5","","11.6","","94","","","M","","M","","","","M","","","","","NA"
"2015-09-25 02:00","2015","09","25","02:00"," ","12.4","","11.4","","94","","","M","","M","","","","M","","","","","NA"
"2015-09-25 03:00","2015","09","25","03:00"," ","12.2","","11.3","","94","","","M","","M","","","","M","","","","","NA"
"2015-09-25 04:00","2015","09","25","04:00"," ","12.0","","11.2","","95","","","M","","M","","","","M","","","","","NA"
"2015-09-25 05:00","2015","09","25","05:00"," ","11.4","","10.4","","94","","","M","","M","","","","M","","","","","NA"
"2015-09-25 06:00","2015","09","25","06:00"," ","11.3","","10.7","","96","","","M","","M","","","","M","","","","","NA"
"2015-09-25 07:00","2015","09","25","07:00"," ","11.5","","10.9","","97","","","M","","M","","","","M","","","","","NA"
"2015-09-25 08:00","2015","09","25","08:00"," ","11.9","","11.2","","96","","","M","","M","","","","M","","","","","NA"
"2015-09-25 09:00","2015","09","25","09:00"," ","12.8","","11.2","","90","","","M","","M","","","","M","","","","","NA"
"2015-09-25 10:00","2015","09","25","10:00"," ","13.4","","11.8","","90","","","M","","M","","","","M","","","","","NA"
"2015-09-25 11:00","2015","09","25","11:00"," ","13.9","","11.6","","86","","","M","","M","","","","M","","","","","NA"
"2015-09-25 12:00","2015","09","25","12:00"," ","14.5","","10.4","","76","","","M","","M","","","","M","","","","","NA"
"2015-09-25 13:00","2015","09","25","13:00"," ","14.2","","11.0","","81","","","M","","M","","","","M","","","","","NA"
"2015-09-25 14:00","2015","09","25","14:00"," ","14.6","","11.3","","81","","","M","","M","","","","M","","","","","NA"
"2015-09-25 15:00","2015","09","25","15:00"," ","15.6","","10.2","","70","","","M","","M","","","","M","","","","","NA"
"2015-09-25 16:00","2015","09","25","16:00"," ","16.4","","10.4","","68","","","M","","M","","","","M","","","","","NA"
"2015-09-25 17:00","2015","09","25","17:00"," ","15.7","","11.0","","74","","","M","","M","","","","M","","","","","NA"
"2015-09-25 18:00","2015","09","25","18:00"," ","13.4","","10.8","","84","","","M","","M","","","","M","","","","","NA"
"2015-09-25 19:00","2015","09","25","19:00"," ","12.0","","10.6","","91","","","M","","M","","","","M","","","","","NA"
"2015-09-25 20:00","2015","09","25","20:00"," ","11.0","","10.0","","94","","","M","","M","","","","M","","","","","NA"
"2015-09-25 21:00","2015","09","25","21:00"," ","10.4","","9.6","","95","","","M","","M","","","","M","","","","","NA"
"2015-09-25 22:00","2015","09","25","22:00"," ","9.9","","9.1","","95","","","M","","M","","","","M","","","","","NA"
"2015-09-25 23:00","2015","09","25","23:00"," ","9.7","","8.9","","95","","","M","","M","","","","M","","","","","NA"
"2015-09-26 00:00","2015","09","26","00:00"," ","9.5","","8.7","","95","","","M","","M","","","","M","","","","","NA"
"2015-09-26 01:00","2015","09","26","01:00"," ","9.3","","8.5","","95","","","M","","M","","","","M","","","","","NA"
"2015-09-26 02:00","2015","09","26","02:00"," ","9.7","","8.8","","95","","","M","","M","","","","M","","","","","NA"
"2015-09-26 03:00","2015","09","26","03:00"," ","10.1","","8.6","","91","","","M","","M","","","","M","","","","","NA"
"2015-09-26 04:00","2015","09","26","04:00"," ","10.2","","8.9","","92","","","M","","M","","","","M","","","","","NA"
"2015-09-26 05:00","2015","09","26","05:00"," ","10.2","","8.9","","91","","","M","","M","","","","M","","","","","NA"
"2015-09-26 06:00","2015","09","26","06:00"," ","10.8","","9.3","","90","","","M","","M","","","","M","","","","","NA"
"2015-09-26 07:00","2015","09","26","07:00"," ","11.0","","9.1","","88","","","M","","M","","","","M","","","","","NA"
"2015-09-26 08:00","2015","09","26","08:00"," ","11.6","","9.8","","88","","","M","","M","","","","M","","","","","NA"
"2015-09-26 09:00","2015","09","26","09:00"," ","12.4","","9.8","","84","","","M","","M","","","","M","","","","","NA"
"2015-09-26 10:00","2015","09","26","10:00"," ","13.6","","9.9","","79","","","M","","M","","","","M","","","","","NA"
"2015-09-26 11:00","2015","09","26","11:00"," ","14.3","","8.9","","70","","","M","","M","","","","M","","","","","NA"
"2015-09-26 12:00","2015","09","26","12:00"," ","15.0","","7.6","","61","","","M","","M","","","","M","","","","","NA"
"2015-09-26 13:00","2015","09","26","13:00"," ","15.0","","7.8","","62","","","M","","M","","","","M","","","","","NA"
"2015-09-26 14:00","2015","09","26","14:00"," ","14.7","","7.8","","63","","","M","","M","","","","M","","","","","NA"
"2015-09-26 15:00","2015","09","26","15:00"," ","15.2","","7.8","","62","","","M","","M","","","","M","","","","","NA"
"2015-09-26 16:00","2015","09","26","16:00"," ","15.3","","7.8","","61","","","M","","M","","","","M","","","","","NA"
"2015-09-26 17:00","2015","09","26","17:00"," ","15.2","","8.1","","62","","","M","","M","","","","M","","","","","NA"
"2015-09-26 18:00","2015","09","26","18:00"," ","13.8","","7.6","","66","","","M","","M","","","","M","","","","","NA"
"2015-09-26 19:00","2015","09","26","19:00"," ","13.1","","9.0","","77","","","M","","M","","","","M","","","","","NA"
"2015-09-26 20:00","2015","09","26","20:00"," ","11.6","","9.1","","85","","","M","","M","","","","M","","","","","NA"
"2015-09-26 21:00","2015","09","26","21:00"," ","10.9","","8.6","","86","","","M","","M","","","","M","","","","","NA"
"2015-09-26 22:00","2015","09","26","22:00"," ","10.6","","8.5","","87","","","M","","M","","","","M","","","","","NA"
"2015-09-26 23:00","2015","09","26","23:00"," ","10.1","","8.0","","87","","","M","","M","","","","M","","","","","NA"
"2015-09-27 00:00","2015","09","27","00:00"," ","10.1","","7.8","","86","","","M","","M","","","","M","","","","","NA"
"2015-09-27 01:00","2015","09","27","01:00"," ","9.8","","7.6","","86","","","M","","M","","","","M","","","","","NA"
"2015-09-27 02:00","2015","09","27","02:00"," ","10.0","","7.5","","85","","","M","","M","","","","M","","","","","NA"
"2015-09-27 03:00","2015","09","27","03:00"," ","8.5","","6.6","","88","","","M","","M","","","","M","","","","","NA"
"2015-09-27 04:00","2015","09","27","04:00"," ","9.3","","5.9","","80","","","M","","M","","","","M","","","","","NA"
"2015-09-27 05:00","2015","09","27","05:00"," ","10.1","","7.3","","83","","","M","","M","","","","M","","","","","NA"
"2015-09-27 06:00","2015","09","27","06:00"," ","9.9","","7.2","","83","","","M","","M","","","","M","","","","","NA"
"2015-09-27 07:00","2015","09","27","07:00"," ","9.8","","5.9","","77","","","M","","M","","","","M","","","","","NA"
"2015-09-27 08:00","2015","09","27","08:00"," ","10.3","","6.8","","79","","","M","","M","","","","M","","","","","NA"
"2015-09-27 09:00","2015","09","27","09:00"," ","12.4","","7.0","","70","","","M","","M","","","","M","","","","","NA"
"2015-09-27 10:00","2015","09","27","10:00"," ","13.1","","7.7","","70","","","M","","M","","","","M","","","","","NA"
"2015-09-27 11:00","2015","09","27","11:00"," ","13.1","","7.9","","70","","","M","","M","","","","M","","","","","NA"
"2015-09-27 12:00","2015","09","27","12:00"," ","13.4","","8.4","","72","","","M","","M","","","","M","","","","","NA"
"2015-09-27 13:00","2015","09","27","13:00"," ","13.9","","8.1","","68","","","M","","M","","","","M","","","","","NA"
"2015-09-27 14:00","2015","09","27","14:00"," ","14.6","","7.8","","64","","","M","","M","","","","M","","","","","NA"
"2015-09-27 15:00","2015","09","27","15:00"," ","14.2","","8.8","","70","","","M","","M","","","","M","","","","","NA"
"2015-09-27 16:00","2015","09","27","16:00"," ","14.7","","9.5","","71","","","M","","M","","","","M","","","","","NA"
"2015-09-27 17:00","2015","09","27","17:00"," ","14.2","","9.8","","75","","","M","","M","","","","M","","","","","NA"
"2015-09-27 18:00","2015","09","27","18:00"," ","13.6","","10.6","","82","","","M","","M","","","","M","","","","","NA"
"2015-09-27 19:00","2015","09","27","19:00"," ","12.4","","10.3","","87","","","M","","M","","","","M","","","","","NA"
"2015-09-27 20:00","2015","09","27","20:00"," ","12.1","","10.3","","89","","","M","","M","","","","M","","","","","NA"
"2015-09-27 21:00","2015","09","27","21:00"," ","11.1","","9.7","","92","","","M","","M","","","","M","","","","","NA"
"2015-09-27 22:00","2015","09","27","22:00"," ","10.3","","8.9","","91","","","M","","M","","","","M","","","","","NA"
"2015-09-27 23:00","2015","09","27","23:00"," ","9.6","","8.5","","93","","","M","","M","","","","M","","","","","NA"
"2015-09-28 00:00","2015","09","28","00:00"," ","9.5","","8.6","","94","","","M","","M","","","","M","","","","","NA"
"2015-09-28 01:00","2015","09","28","01:00"," ","9.4","","8.5","","95","","","M","","M","","","","M","","","","","NA"
"2015-09-28 02:00","2015","09","28","02:00"," ","8.9","","8.1","","94","","","M","","M","","","","M","","","","","NA"
"2015-09-28 03:00","2015","09","28","03:00"," ","8.7","","7.9","","95","","","M","","M","","","","M","","","","","NA"
"2015-09-28 04:00","2015","09","28","04:00"," ","9.2","","8.5","","96","","","M","","M","","","","M","","","","","NA"
"2015-09-28 05:00","2015","09","28","05:00"," ","9.4","","8.5","","94","","","M","","M","","","","M","","","","","NA"
"2015-09-28 06:00","2015","09","28","06:00"," ","9.2","","8.5","","95","","","M","","M","","","","M","","","","","NA"
"2015-09-28 07:00","2015","09","28","07:00"," ","9.8","","8.6","","92","","","M","","M","","","","M","","","","","NA"
"2015-09-28 08:00","2015","09","28","08:00"," ","12.5","","9.5","","82","","","M","","M","","","","M","","","","","NA"
"2015-09-28 09:00","2015","09","28","09:00"," ","13.9","","9.1","","73","","","M","","M","","","","M","","","","","NA"
"2015-09-28 10:00","2015","09","28","10:00"," ","13.7","","8.6","","72","","","M","","M","","","","M","","","","","NA"
"2015-09-28 11:00","2015","09","28","11:00"," ","14.8","","8.7","","67","","","M","","M","","","","M","","","","","NA"
"2015-09-28 12:00","2015","09","28","12:00"," ","15.3","","9.6","","69","","","M","","M","","","","M","","","","","NA"
"2015-09-28 13:00","2015","09","28","13:00"," ","15.6","","11.0","","74","","","M","","M","","","","M","","","","","NA"
"2015-09-28 14:00","2015","09","28","14:00"," ","16.2","","11.5","","74","","","M","","M","","","","M","","","","","NA"
"2015-09-28 15:00","2015","09","28","15:00"," ","15.6","","11.5","","77","","","M","","M","","","","M","","","","","NA"
"2015-09-28 16:00","2015","09","28","16:00"," ","15.5","","11.1","","75","","","M","","M","","","","M","","","","","NA"
"2015-09-28 17:00","2015","09","28","17:00"," ","15.1","","11.2","","78","","","M","","M","","","","M","","","","","NA"
"2015-09-28 18:00","2015","09","28","18:00"," ","13.8","","11.0","","83","","","M","","M","","","","M","","","","","NA"
"2015-09-28 19:00","2015","09","28","19:00"," ","12.9","","11.0","","88","","","M","","M","","","","M","","","","","NA"
"2015-09-28 20:00","2015","09","28","20:00"," ","12.3","","11.2","","93","","","M","","M","","","","M","","","","","NA"
"2015-09-28 21:00","2015","09","28","21:00"," ","11.6","","10.8","","95","","","M","","M","","","","M","","","","","NA"
"2015-09-28 22:00","2015","09","28","22:00"," ","11.3","","10.4","","94","","","M","","M","","","","M","","","","","NA"
"2015-09-28 23:00","2015","09","28","23:00"," ","10.8","","9.7","","93","","","M","","M","","","","M","","","","","NA"
"2015-09-29 00:00","2015","09","29","00:00"," ","10.6","","9.8","","95","","","M","","M","","","","M","","","","","NA"
"2015-09-29 01:00","2015","09","29","01:00"," ","10.2","","9.6","","96","","","M","","M","","","","M","","","","","NA"
"2015-09-29 02:00","2015","09","29","02:00"," ","10.2","","9.6","","96","","","M","","M","","","","M","","","","","NA"
"2015-09-29 03:00","2015","09","29","03:00"," ","10.8","","10.0","","94","","","M","","M","","","","M","","","","","NA"
"2015-09-29 04:00","2015","09","29","04:00"," ","10.1","","9.0","","93","","","M","","M","","","","M","","","","","NA"
"2015-09-29 05:00","2015","09","29","05:00"," ","9.4","","8.7","","96","","","M","","M","","","","M","","","","","NA"
"2015-09-29 06:00","2015","09","29","06:00"," ","9.2","","8.6","","96","","","M","","M","","","","M","","","","","NA"
"2015-09-29 07:00","2015","09","29","07:00"," ","10.9","","10.0","","94","","","M","","M","","","","M","","","","","NA"
"2015-09-29 08:00","2015","09","29","08:00"," ","12.9","","10.1","","83","","","M","","M","","","","M","","","","","NA"
"2015-09-29 09:00","2015","09","29","09:00"," ","15.0","","9.7","","70","","","M","","M","","","","M","","","","","NA"
"2015-09-29 10:00","2015","09","29","10:00"," ","15.3","","9.8","","70","","","M","","M","","","","M","","","","","NA"
"2015-09-29 11:00","2015","09","29","11:00"," ","15.6","","10.3","","71","","","M","","M","","","","M","","","","","NA"
"2015-09-29 12:00","2015","09","29","12:00"," ","16.4","","10.8","","70","","","M","","M","","","","M","","","","","NA"
"2015-09-29 13:00","2015","09","29","13:00"," ","17.3","","11.4","","68","","","M","","M","","","","M","","","","","NA"
"2015-09-29 14:00","2015","09","29","14:00"," ","17.6","","10.5","","63","","","M","","M","","","","M","","","","","NA"
"2015-09-29 15:00","2015","09","29","15:00"," ","18.5","","10.1","","58","","","M","","M","","","","M","","","","","NA"
"2015-09-29 16:00","2015","09","29","16:00"," ","18.0","","10.5","","62","","","M","","M","","","","M","","","","","NA"
"2015-09-29 17:00","2015","09","29","17:00"," ","16.3","","9.2","","63","","","M","","M","","","","M","","","","","NA"
"2015-09-29 18:00","2015","09","29","18:00"," ","14.5","","11.4","","82","","","M","","M","","","","M","","","","","NA"
"2015-09-29 19:00","2015","09","29","19:00"," ","13.1","","10.1","","82","","","M","","M","","","","M","","","","","NA"
"2015-09-29 20:00","2015","09","29","20:00"," ","12.5","","10.1","","85","","","M","","M","","","","M","","","","","NA"
"2015-09-29 21:00","2015","09","29","21:00"," ","11.7","","10.4","","92","","","M","","M","","","","M","","","","","NA"
"2015-09-29 22:00","2015","09","29","22:00"," ","12.1","","11.1","","94","","","M","","M","","","","M","","","","","NA"
"2015-09-29 23:00","2015","09","29","23:00"," ","11.4","","10.3","","93","","","M","","M","","","","M","","","","","NA"
"2015-09-30 00:00","2015","09","30","00:00"," ","11.8","","10.7","","93","","","M","","M","","","","M","","","","","NA"
"2015-09-30 01:00","2015","09","30","01:00"," ","10.7","","9.6","","93","","","M","","M","","","","M","","","","","NA"
"2015-09-30 02:00","2015","09","30","02:00"," ","11.5","","10.6","","94","","","M","","M","","","","M","","","","","NA"
"2015-09-30 03:00","2015","09","30","03:00"," ","11.3","","10.4","","94","","","M","","M","","","","M","","","","","NA"
"2015-09-30 04:00","2015","09","30","04:00"," ","11.2","","10.5","","95","","","M","","M","","","","M","","","","","NA"
"2015-09-30 05:00","2015","09","30","05:00"," ","9.9","","9.2","","95","","","M","","M","","","","M","","","","","NA"
"2015-09-30 06:00","2015","09","30","06:00"," ","10.4","","9.6","","95","","","M","","M","","","","M","","","","","NA"
"2015-09-30 07:00","2015","09","30","07:00"
"2015-09-30 08:00","2015","09","30","08:00"
"2015-09-30 09:00","2015","09","30","09:00"," ","14.3","","9.5","","73","","","M","","M","","","","M","","","","","NA"
"2015-09-30 10:00","2015","09","30","10:00"," ","15.7","","9.8","","68","","","M","","M","","","","M","","","","","NA"
"2015-09-30 11:00","2015","09","30","11:00"," ","16.6","","11.1","","70","","","M","","M","","","","M","","","","","NA"
"2015-09-30 12:00","2015","09","30","12:00"," ","18.3","","10.8","","62","","","M","","M","","","","M","","","","","NA"
"2015-09-30 13:00","2015","09","30","13:00"," ","17.9","","11.2","","65","","","M","","M","","","","M","","","","","NA"
"2015-09-30 14:00","2015","09","30","14:00"," ","18.2","","11.9","","67","","","M","","M","","","","M","","","","","NA"
"2015-09-30 15:00","2015","09","30","15:00"," ","17.6","","12.4","","72","","","M","","M","","","","M","","","","","NA"
"2015-09-30 16:00","2015","09","30","16:00"," ","17.4","","11.2","","67","","","M","","M","","","","M","","","","","NA"
"2015-09-30 17:00","2015","09","30","17:00"," ","15.4","","11.2","","76","","","M","","M","","","","M","","","","","NA"
"2015-09-30 18:00","2015","09","30","18:00"," ","14.6","","11.0","","79","","","M","","M","","","","M","","","","","NA"
"2015-09-30 19:00","2015","09","30","19:00"," ","13.5","","10.7","","83","","","M","","M","","","","M","","","","","NA"
"2015-09-30 20:00","2015","09","30","20:00"," ","12.4","","10.9","","91","","","M","","M","","","","M","","","","","NA"
"2015-09-30 21:00","2015","09","30","21:00"," ","12.1","","11.1","","93","","","M","","M","","","","M","","","","","NA"
"2015-09-30 22:00","2015","09","30","22:00"," ","12.4","","11.4","","94","","","M","","M","","","","M","","","","","NA"
"2015-09-30 23:00","2015","09","30","23:00"," ","11.6","","10.8","","95","","","M","","M","","","","M","","","","","NA"
